"","USERID","Q1","Q2","Q2A","Q7","maxDiff1alt1","maxDiff1alt2","maxDiff1alt3","maxDiff1alt4","maxDiff1alt5","maxDiff1alt6","maxDiff1alt7","maxDiff1alt8","maxDiff1alt9","maxDiff1alt10","maxDiff2alt1","maxDiff2alt2","maxDiff2alt3","maxDiff2alt4","maxDiff2alt5","maxDiff2alt6","maxDiff2alt7","maxDiff2alt8","maxDiff2alt9","maxDiff2alt10","maxDiff3alt1","maxDiff3alt2","maxDiff3alt3","maxDiff3alt4","maxDiff3alt5","maxDiff3alt6","maxDiff3alt7","maxDiff3alt8","maxDiff3alt9","maxDiff3alt10","maxDiff4alt1","maxDiff4alt2","maxDiff4alt3","maxDiff4alt4","maxDiff4alt5","maxDiff4alt6","maxDiff4alt7","maxDiff4alt8","maxDiff4alt9","maxDiff4alt10","maxDiff5alt1","maxDiff5alt2","maxDiff5alt3","maxDiff5alt4","maxDiff5alt5","maxDiff5alt6","maxDiff5alt7","maxDiff5alt8","maxDiff5alt9","maxDiff5alt10","maxDiff6alt1","maxDiff6alt2","maxDiff6alt3","maxDiff6alt4","maxDiff6alt5","maxDiff6alt6","maxDiff6alt7","maxDiff6alt8","maxDiff6alt9","maxDiff6alt10"
"1","2713356459              ",2,4,2,5,0,-1,0,1,NA,NA,NA,NA,NA,0,0,NA,NA,NA,NA,NA,0,-1,0,1,NA,0,NA,NA,0,-1,1,NA,NA,0,NA,NA,-1,0,0,NA,0,1,NA,NA,NA,0,NA,0,NA,-1,NA,1,0,NA,1,NA,0,NA,0,-1,NA,NA,0,NA
"2","4697558946              ",2,5,1,4,1,0,-1,0,NA,NA,NA,NA,NA,0,1,NA,NA,NA,NA,NA,0,-1,0,0,NA,0,NA,NA,-1,0,0,NA,NA,1,NA,NA,0,0,-1,NA,1,0,NA,NA,NA,1,NA,0,NA,0,NA,0,-1,NA,1,NA,0,NA,-1,0,NA,NA,0,NA
"3","3572816992              ",1,10,2,2,-1,0,0,0,NA,NA,NA,NA,NA,1,-1,NA,NA,NA,NA,NA,0,0,0,1,NA,0,NA,NA,0,0,-1,NA,NA,1,NA,NA,0,0,0,NA,-1,1,NA,NA,NA,0,NA,0,NA,0,NA,1,-1,NA,0,NA,0,NA,0,1,NA,NA,-1,NA
"4","7169244672              ",1,7,7,9,0,0,0,-1,NA,NA,NA,NA,NA,1,0,NA,NA,NA,NA,NA,1,-1,0,0,NA,0,NA,NA,0,-1,1,NA,NA,0,NA,NA,0,0,0,NA,1,-1,NA,NA,NA,0,NA,-1,NA,0,NA,0,1,NA,-1,NA,0,NA,1,0,NA,NA,0,NA
"5","6797129669              ",2,6,2,1,1,-1,0,0,NA,NA,NA,NA,NA,0,1,NA,NA,NA,NA,NA,0,0,-1,0,NA,-1,NA,NA,0,0,0,NA,NA,1,NA,NA,0,1,0,NA,0,-1,NA,NA,NA,-1,NA,1,NA,0,NA,0,0,NA,1,NA,0,NA,0,0,NA,NA,-1,NA
"6","3714771246              ",2,4,1,4,0,1,-1,0,NA,NA,NA,NA,NA,0,0,NA,NA,NA,NA,NA,1,0,-1,0,NA,0,NA,NA,1,0,0,NA,NA,-1,NA,NA,-1,1,0,NA,0,0,NA,NA,NA,1,NA,-1,NA,0,NA,0,0,NA,1,NA,-1,NA,0,0,NA,NA,0,NA
"7","8591483111              ",2,9,2,2,1,-1,0,0,NA,NA,NA,NA,NA,0,1,NA,NA,NA,NA,NA,0,-1,0,0,NA,0,NA,NA,0,-1,1,NA,NA,0,NA,NA,-1,0,0,NA,1,0,NA,NA,NA,0,NA,1,NA,0,NA,0,-1,NA,1,NA,0,NA,0,-1,NA,NA,0,NA
"8","4315372837              ",1,9,4,2,0,0,-1,0,NA,NA,NA,NA,NA,1,-1,NA,NA,NA,NA,NA,0,0,1,0,NA,0,NA,NA,0,-1,0,NA,NA,1,NA,NA,0,0,0,NA,1,-1,NA,NA,NA,0,NA,1,NA,0,NA,-1,0,NA,0,NA,-1,NA,1,0,NA,NA,0,NA
"9","7855482687              ",1,5,5,5,0,0,-1,0,NA,NA,NA,NA,NA,1,1,NA,NA,NA,NA,NA,0,0,-1,0,NA,0,NA,NA,-1,1,0,NA,NA,0,NA,NA,-1,0,0,NA,1,0,NA,NA,NA,0,NA,1,NA,0,NA,0,-1,NA,0,NA,-1,NA,0,1,NA,NA,0,NA
"10","3653289161              ",1,4,3,9,1,-1,0,0,NA,NA,NA,NA,NA,0,1,NA,NA,NA,NA,NA,0,0,0,-1,NA,-1,NA,NA,0,0,1,NA,NA,0,NA,NA,-1,0,0,NA,1,0,NA,NA,NA,-1,NA,0,NA,0,NA,0,1,NA,1,NA,-1,NA,0,0,NA,NA,0,NA
"11","2224255615              ",1,3,5,5,0,0,-1,1,NA,NA,NA,NA,NA,0,1,NA,NA,NA,NA,NA,0,-1,0,0,NA,0,NA,NA,0,-1,1,NA,NA,0,NA,NA,0,0,0,NA,1,-1,NA,NA,NA,0,NA,1,NA,0,NA,-1,0,NA,1,NA,0,NA,0,-1,NA,NA,0,NA
"12","6179746498              ",2,9,6,2,0,0,0,1,NA,NA,NA,NA,NA,-1,0,NA,NA,NA,NA,NA,0,0,1,-1,NA,0,NA,NA,0,0,1,NA,NA,-1,NA,NA,-1,1,0,NA,0,0,NA,NA,NA,0,NA,1,NA,-1,NA,0,0,NA,0,NA,-1,NA,0,0,NA,NA,1,NA
"13","2348229151              ",2,10,6,4,1,0,-1,0,NA,NA,NA,NA,NA,0,1,NA,NA,NA,NA,NA,0,0,-1,0,NA,0,NA,NA,-1,0,0,NA,NA,1,NA,NA,-1,1,0,NA,0,0,NA,NA,NA,0,NA,0,NA,1,NA,-1,0,NA,1,NA,0,NA,-1,0,NA,NA,0,NA
"14","2163255157              ",2,4,1,4,0,0,-1,0,NA,NA,NA,NA,NA,1,0,NA,NA,NA,NA,NA,0,0,-1,1,NA,-1,NA,NA,0,0,0,NA,NA,1,NA,NA,0,1,0,NA,0,-1,NA,NA,NA,0,NA,1,NA,0,NA,-1,0,NA,1,NA,0,NA,0,0,NA,NA,-1,NA
"15","4443376862              ",2,5,1,4,1,0,-1,0,NA,NA,NA,NA,NA,0,0,NA,NA,NA,NA,NA,1,0,-1,0,NA,0,NA,NA,0,-1,1,NA,NA,0,NA,NA,-1,0,0,NA,1,0,NA,NA,NA,0,NA,1,NA,-1,NA,0,0,NA,1,NA,-1,NA,0,0,NA,NA,0,NA
"16","7461148296              ",1,10,1,3,-1,0,1,0,NA,NA,NA,NA,NA,0,-1,NA,NA,NA,NA,NA,0,0,1,0,NA,0,NA,NA,0,0,1,NA,NA,-1,NA,NA,1,0,0,NA,0,-1,NA,NA,NA,0,NA,1,NA,0,NA,-1,0,NA,-1,NA,1,NA,0,0,NA,NA,0,NA
"17","2259721885              ",1,6,3,2,0,0,-1,1,NA,NA,NA,NA,NA,0,0,NA,NA,NA,NA,NA,0,1,-1,0,NA,-1,NA,NA,1,0,0,NA,NA,0,NA,NA,-1,1,0,NA,0,0,NA,NA,NA,0,NA,1,NA,-1,NA,0,0,NA,0,NA,-1,NA,1,0,NA,NA,0,NA
"18","3735292658              ",2,5,2,2,0,0,-1,1,NA,NA,NA,NA,NA,0,0,NA,NA,NA,NA,NA,0,-1,0,1,NA,-1,NA,NA,0,0,1,NA,NA,0,NA,NA,0,1,0,NA,0,-1,NA,NA,NA,-1,NA,1,NA,0,NA,0,0,NA,1,NA,0,NA,0,0,NA,NA,-1,NA
"19","2193321246              ",2,2,1,2,1,0,-1,0,NA,NA,NA,NA,NA,0,0,NA,NA,NA,NA,NA,1,-1,0,0,NA,0,NA,NA,0,-1,1,NA,NA,0,NA,NA,-1,0,0,NA,1,0,NA,NA,NA,0,NA,0,NA,1,NA,-1,0,NA,1,NA,-1,NA,0,0,NA,NA,0,NA
"20","9914965219              ",1,9,5,4,-1,1,0,0,NA,NA,NA,NA,NA,0,-1,NA,NA,NA,NA,NA,0,0,0,1,NA,1,NA,NA,0,-1,0,NA,NA,0,NA,NA,-1,0,1,NA,0,0,NA,NA,NA,1,NA,0,NA,-1,NA,0,0,NA,0,NA,0,NA,1,-1,NA,NA,0,NA
"21","3997893199              ",2,7,1,8,-1,0,0,0,NA,NA,NA,NA,NA,1,0,NA,NA,NA,NA,NA,-1,1,0,0,NA,0,NA,NA,0,0,-1,NA,NA,1,NA,NA,1,0,0,NA,-1,0,NA,NA,NA,1,NA,0,NA,0,NA,-1,0,NA,0,NA,1,NA,-1,0,NA,NA,0,NA
"22","4924655652              ",2,10,3,2,-1,0,0,1,NA,NA,NA,NA,NA,0,-1,NA,NA,NA,NA,NA,0,0,0,1,NA,0,NA,NA,0,-1,0,NA,NA,1,NA,NA,0,1,-1,NA,0,0,NA,NA,NA,0,NA,1,NA,-1,NA,0,0,NA,-1,NA,1,NA,0,0,NA,NA,0,NA
"23","9141998723              ",2,6,2,1,0,-1,0,1,NA,NA,NA,NA,NA,0,0,NA,NA,NA,NA,NA,0,0,1,-1,NA,1,NA,NA,0,0,0,NA,NA,-1,NA,NA,0,1,0,NA,0,-1,NA,NA,NA,0,NA,1,NA,0,NA,-1,0,NA,0,NA,0,NA,0,-1,NA,NA,1,NA
"24","7897613819              ",1,9,12,5,0,0,-1,0,NA,NA,NA,NA,NA,1,0,NA,NA,NA,NA,NA,0,-1,0,1,NA,0,NA,NA,-1,0,0,NA,NA,1,NA,NA,0,1,0,NA,0,-1,NA,NA,NA,0,NA,0,NA,1,NA,-1,0,NA,0,NA,-1,NA,0,1,NA,NA,0,NA
"25","6369426484              ",2,10,3,5,0,1,-1,0,NA,NA,NA,NA,NA,0,0,NA,NA,NA,NA,NA,1,-1,0,0,NA,1,NA,NA,0,-1,0,NA,NA,0,NA,NA,0,0,1,NA,0,-1,NA,NA,NA,1,NA,0,NA,-1,NA,0,0,NA,0,NA,0,NA,0,-1,NA,NA,1,NA
"26","9965382796              ",2,7,1,6,0,0,-1,1,NA,NA,NA,NA,NA,0,-1,NA,NA,NA,NA,NA,0,1,0,0,NA,0,NA,NA,0,0,1,NA,NA,-1,NA,NA,-1,0,0,NA,0,1,NA,NA,NA,-1,NA,0,NA,0,NA,1,0,NA,-1,NA,0,NA,0,0,NA,NA,1,NA
"27","1875733825              ",2,9,3,2,0,0,0,-1,NA,NA,NA,NA,NA,1,0,NA,NA,NA,NA,NA,0,1,-1,0,NA,-1,NA,NA,0,0,1,NA,NA,0,NA,NA,0,-1,0,NA,1,0,NA,NA,NA,0,NA,0,NA,0,NA,1,-1,NA,1,NA,-1,NA,0,0,NA,NA,0,NA
"28","5543348984              ",1,10,2,3,0,0,1,0,NA,NA,NA,NA,NA,-1,-1,NA,NA,NA,NA,NA,1,0,0,0,NA,0,NA,NA,-1,1,0,NA,NA,0,NA,NA,1,0,-1,NA,0,0,NA,NA,NA,0,NA,0,NA,1,NA,0,-1,NA,-1,NA,1,NA,0,0,NA,NA,0,NA
"29","2468175142              ",1,9,1,2,0,0,-1,1,NA,NA,NA,NA,NA,0,0,NA,NA,NA,NA,NA,-1,1,0,0,NA,0,NA,NA,0,1,-1,NA,NA,0,NA,NA,0,0,0,NA,-1,1,NA,NA,NA,-1,NA,0,NA,0,NA,1,0,NA,-1,NA,0,NA,0,1,NA,NA,0,NA
"30","5362875422              ",2,9,1,5,0,0,-1,0,NA,NA,NA,NA,NA,1,0,NA,NA,NA,NA,NA,0,-1,0,1,NA,0,NA,NA,-1,0,0,NA,NA,1,NA,NA,0,0,-1,NA,1,0,NA,NA,NA,1,NA,0,NA,0,NA,-1,0,NA,0,NA,-1,NA,0,0,NA,NA,1,NA
"31","9166619467              ",2,10,6,3,0,0,-1,1,NA,NA,NA,NA,NA,0,1,NA,NA,NA,NA,NA,-1,0,0,0,NA,0,NA,NA,1,-1,0,NA,NA,0,NA,NA,-1,1,0,NA,0,0,NA,NA,NA,0,NA,1,NA,-1,NA,0,0,NA,0,NA,0,NA,1,-1,NA,NA,0,NA
"32","7147844586              ",2,10,5,2,-1,0,0,1,NA,NA,NA,NA,NA,0,-1,NA,NA,NA,NA,NA,0,0,0,1,NA,-1,NA,NA,0,1,0,NA,NA,0,NA,NA,-1,1,0,NA,0,0,NA,NA,NA,0,NA,1,NA,0,NA,-1,0,NA,-1,NA,0,NA,0,1,NA,NA,0,NA
"33","4392178233              ",2,9,8,2,-1,0,0,1,NA,NA,NA,NA,NA,0,-1,NA,NA,NA,NA,NA,0,0,1,0,NA,1,NA,NA,0,0,0,NA,NA,-1,NA,NA,0,1,0,NA,0,-1,NA,NA,NA,0,NA,1,NA,-1,NA,0,0,NA,-1,NA,0,NA,0,0,NA,NA,1,NA
"34","2892938652              ",2,6,2,4,0,-1,0,0,NA,NA,NA,NA,NA,1,0,NA,NA,NA,NA,NA,0,0,-1,1,NA,0,NA,NA,0,0,-1,NA,NA,1,NA,NA,1,0,0,NA,-1,0,NA,NA,NA,0,NA,1,NA,0,NA,0,-1,NA,0,NA,1,NA,0,0,NA,NA,-1,NA
"35","1681384926              ",2,10,1,2,0,0,-1,0,NA,NA,NA,NA,NA,1,0,NA,NA,NA,NA,NA,0,-1,0,1,NA,-1,NA,NA,0,1,0,NA,NA,0,NA,NA,0,1,0,NA,0,-1,NA,NA,NA,0,NA,0,NA,1,NA,-1,0,NA,0,NA,-1,NA,0,1,NA,NA,0,NA
"36","6794625711              ",2,9,3,3,-1,1,0,0,NA,NA,NA,NA,NA,0,0,NA,NA,NA,NA,NA,1,-1,0,0,NA,0,NA,NA,0,-1,0,NA,NA,1,NA,NA,0,1,0,NA,0,-1,NA,NA,NA,0,NA,0,NA,0,NA,-1,1,NA,0,NA,0,NA,-1,0,NA,NA,1,NA
"37","6724725643              ",1,7,5,6,0,0,-1,0,NA,NA,NA,NA,NA,1,0,NA,NA,NA,NA,NA,1,-1,0,0,NA,0,NA,NA,-1,0,1,NA,NA,0,NA,NA,0,0,0,NA,1,-1,NA,NA,NA,0,NA,0,NA,1,NA,-1,0,NA,0,NA,-1,NA,0,1,NA,NA,0,NA
"38","9765377468              ",2,8,2,5,0,0,-1,1,NA,NA,NA,NA,NA,0,0,NA,NA,NA,NA,NA,0,1,0,-1,NA,0,NA,NA,0,-1,1,NA,NA,0,NA,NA,-1,1,0,NA,0,0,NA,NA,NA,0,NA,1,NA,-1,NA,0,0,NA,1,NA,0,NA,0,-1,NA,NA,0,NA
"39","9818758559              ",1,6,7,5,0,0,-1,0,NA,NA,NA,NA,NA,1,0,NA,NA,NA,NA,NA,0,-1,0,1,NA,0,NA,NA,-1,0,0,NA,NA,1,NA,NA,-1,1,0,NA,0,0,NA,NA,NA,0,NA,1,NA,0,NA,-1,0,NA,1,NA,0,NA,0,-1,NA,NA,0,NA
"40","4138939635              ",1,10,1,5,0,0,0,1,NA,NA,NA,NA,NA,-1,1,NA,NA,NA,NA,NA,0,0,0,-1,NA,0,NA,NA,0,0,1,NA,NA,-1,NA,NA,-1,1,0,NA,0,0,NA,NA,NA,-1,NA,1,NA,0,NA,0,0,NA,1,NA,-1,NA,0,0,NA,NA,0,NA
"41","8799919987              ",2,3,1,7,-1,0,0,0,NA,NA,NA,NA,NA,1,-1,NA,NA,NA,NA,NA,1,0,0,0,NA,0,NA,NA,0,-1,1,NA,NA,0,NA,NA,0,0,0,NA,1,-1,NA,NA,NA,0,NA,1,NA,-1,NA,0,0,NA,0,NA,1,NA,0,-1,NA,NA,0,NA
"42","2577372339              ",2,3,3,5,0,0,0,1,NA,NA,NA,NA,NA,-1,0,NA,NA,NA,NA,NA,1,0,0,-1,NA,0,NA,NA,0,0,1,NA,NA,-1,NA,NA,0,0,0,NA,1,-1,NA,NA,NA,1,NA,0,NA,0,NA,-1,0,NA,0,NA,1,NA,0,-1,NA,NA,0,NA
"43","8127612456              ",2,10,1,4,0,0,-1,1,NA,NA,NA,NA,NA,0,0,NA,NA,NA,NA,NA,0,1,-1,0,NA,0,NA,NA,0,-1,1,NA,NA,0,NA,NA,-1,1,0,NA,0,0,NA,NA,NA,0,NA,0,NA,0,NA,1,-1,NA,0,NA,0,NA,1,0,NA,NA,-1,NA
"44","6837224216              ",2,10,12,2,-1,0,0,1,NA,NA,NA,NA,NA,0,-1,NA,NA,NA,NA,NA,1,0,0,0,NA,0,NA,NA,0,1,0,NA,NA,-1,NA,NA,0,1,0,NA,0,-1,NA,NA,NA,0,NA,0,NA,1,NA,-1,0,NA,-1,NA,0,NA,0,1,NA,NA,0,NA
"45","5922431364              ",2,10,9,2,-1,0,1,0,NA,NA,NA,NA,NA,0,-1,NA,NA,NA,NA,NA,0,0,1,0,NA,0,NA,NA,-1,0,1,NA,NA,0,NA,NA,0,0,1,NA,0,-1,NA,NA,NA,0,NA,1,NA,0,NA,-1,0,NA,-1,NA,0,NA,0,0,NA,NA,1,NA
"46","1245671145              ",1,9,15,6,0,0,0,1,NA,NA,NA,NA,NA,-1,-1,NA,NA,NA,NA,NA,0,1,0,0,NA,0,NA,NA,0,1,0,NA,NA,-1,NA,NA,0,1,-1,NA,0,0,NA,NA,NA,-1,NA,1,NA,0,NA,0,0,NA,-1,NA,0,NA,0,1,NA,NA,0,NA
"47","4284156287              ",1,9,6,6,0,0,-1,1,NA,NA,NA,NA,NA,0,0,NA,NA,NA,NA,NA,0,-1,0,1,NA,0,NA,NA,-1,0,0,NA,NA,1,NA,NA,0,1,0,NA,0,-1,NA,NA,NA,0,NA,1,NA,0,NA,-1,0,NA,1,NA,0,NA,0,0,NA,NA,-1,NA
"48","1321456183              ",2,10,2,3,1,0,-1,0,NA,NA,NA,NA,NA,0,0,NA,NA,NA,NA,NA,0,1,0,-1,NA,0,NA,NA,0,0,1,NA,NA,-1,NA,NA,0,0,-1,NA,0,1,NA,NA,NA,0,NA,-1,NA,0,NA,1,0,NA,1,NA,-1,NA,0,0,NA,NA,0,NA
"49","8242218232              ",2,9,1,3,0,-1,0,0,NA,NA,NA,NA,NA,1,0,NA,NA,NA,NA,NA,0,-1,0,1,NA,-1,NA,NA,1,0,0,NA,NA,0,NA,NA,0,0,1,NA,0,-1,NA,NA,NA,-1,NA,1,NA,0,NA,0,0,NA,0,NA,0,NA,1,-1,NA,NA,0,NA
"50","8873734735              ",2,4,1,7,1,0,-1,0,NA,NA,NA,NA,NA,0,1,NA,NA,NA,NA,NA,0,0,-1,0,NA,0,NA,NA,-1,0,1,NA,NA,0,NA,NA,0,0,-1,NA,1,0,NA,NA,NA,0,NA,0,NA,1,NA,0,-1,NA,1,NA,0,NA,-1,0,NA,NA,0,NA
"51","5721851261              ",1,10,3,8,0,0,-1,0,NA,NA,NA,NA,NA,1,0,NA,NA,NA,NA,NA,1,0,-1,0,NA,-1,NA,NA,0,0,1,NA,NA,0,NA,NA,-1,0,0,NA,1,0,NA,NA,NA,0,NA,0,NA,1,NA,0,-1,NA,0,NA,-1,NA,1,0,NA,NA,0,NA
"52","4644556998              ",2,8,3,5,-1,0,0,0,NA,NA,NA,NA,NA,1,0,NA,NA,NA,NA,NA,1,0,-1,0,NA,0,NA,NA,-1,0,1,NA,NA,0,NA,NA,-1,0,0,NA,1,0,NA,NA,NA,0,NA,0,NA,0,NA,1,-1,NA,0,NA,0,NA,1,0,NA,NA,-1,NA
"53","8756924831              ",2,10,10,2,-1,0,0,1,NA,NA,NA,NA,NA,0,-1,NA,NA,NA,NA,NA,0,0,0,1,NA,0,NA,NA,-1,0,0,NA,NA,1,NA,NA,0,1,0,NA,-1,0,NA,NA,NA,0,NA,1,NA,0,NA,0,-1,NA,-1,NA,0,NA,0,1,NA,NA,0,NA
"54","3842329534              ",2,10,3,3,-1,0,0,1,NA,NA,NA,NA,NA,0,-1,NA,NA,NA,NA,NA,0,0,1,0,NA,0,NA,NA,0,1,0,NA,NA,-1,NA,NA,0,1,0,NA,0,-1,NA,NA,NA,0,NA,0,NA,1,NA,-1,0,NA,-1,NA,0,NA,0,1,NA,NA,0,NA
"55","6574681822              ",2,5,7,5,1,0,-1,0,NA,NA,NA,NA,NA,0,1,NA,NA,NA,NA,NA,0,-1,0,0,NA,0,NA,NA,0,-1,0,NA,NA,1,NA,NA,-1,0,0,NA,1,0,NA,NA,NA,0,NA,0,NA,0,NA,-1,1,NA,1,NA,0,NA,-1,0,NA,NA,0,NA
"56","7672123632              ",2,4,5,8,1,-1,0,0,NA,NA,NA,NA,NA,0,1,NA,NA,NA,NA,NA,0,0,-1,0,NA,-1,NA,NA,0,0,1,NA,NA,0,NA,NA,0,0,0,NA,1,-1,NA,NA,NA,0,NA,0,NA,-1,NA,1,0,NA,1,NA,0,NA,0,0,NA,NA,-1,NA
"57","9337725435              ",2,10,10,2,1,0,-1,0,NA,NA,NA,NA,NA,0,0,NA,NA,NA,NA,NA,0,1,-1,0,NA,0,NA,NA,1,0,0,NA,NA,-1,NA,NA,0,-1,1,NA,0,0,NA,NA,NA,0,NA,1,NA,-1,NA,0,0,NA,0,NA,1,NA,-1,0,NA,NA,0,NA
"58","1143433625              ",2,5,5,7,0,-1,0,0,NA,NA,NA,NA,NA,1,0,NA,NA,NA,NA,NA,0,0,-1,1,NA,0,NA,NA,0,-1,0,NA,NA,1,NA,NA,0,-1,0,NA,1,0,NA,NA,NA,0,NA,0,NA,0,NA,1,-1,NA,0,NA,1,NA,0,0,NA,NA,-1,NA
"59","2323674471              ",1,10,1,5,0,0,-1,1,NA,NA,NA,NA,NA,0,1,NA,NA,NA,NA,NA,0,0,-1,0,NA,0,NA,NA,0,1,0,NA,NA,-1,NA,NA,-1,1,0,NA,0,0,NA,NA,NA,0,NA,1,NA,0,NA,0,-1,NA,0,NA,0,NA,0,1,NA,NA,-1,NA
"60","5331979766              ",2,5,2,7,0,0,-1,1,NA,NA,NA,NA,NA,0,-1,NA,NA,NA,NA,NA,1,0,0,0,NA,0,NA,NA,-1,0,1,NA,NA,0,NA,NA,0,0,-1,NA,1,0,NA,NA,NA,0,NA,1,NA,0,NA,0,-1,NA,0,NA,0,NA,-1,1,NA,NA,0,NA
"61","4564781289              ",1,4,3,6,-1,0,0,0,NA,NA,NA,NA,NA,1,-1,NA,NA,NA,NA,NA,0,0,0,1,NA,0,NA,NA,1,0,-1,NA,NA,0,NA,NA,0,0,1,NA,0,-1,NA,NA,NA,0,NA,1,NA,0,NA,-1,0,NA,-1,NA,0,NA,1,0,NA,NA,0,NA
"62","9578689565              ",2,10,3,4,1,0,0,0,NA,NA,NA,NA,NA,-1,1,NA,NA,NA,NA,NA,-1,0,0,0,NA,0,NA,NA,-1,1,0,NA,NA,0,NA,NA,0,1,-1,NA,0,0,NA,NA,NA,0,NA,1,NA,0,NA,0,-1,NA,1,NA,0,NA,0,0,NA,NA,-1,NA
"63","5145971723              ",2,3,4,2,1,0,-1,0,NA,NA,NA,NA,NA,0,1,NA,NA,NA,NA,NA,0,0,-1,0,NA,0,NA,NA,0,-1,0,NA,NA,1,NA,NA,-1,1,0,NA,0,0,NA,NA,NA,0,NA,1,NA,0,NA,0,-1,NA,1,NA,0,NA,0,0,NA,NA,-1,NA
"64","4239133487              ",1,5,15,4,0,0,-1,1,NA,NA,NA,NA,NA,0,1,NA,NA,NA,NA,NA,0,-1,0,0,NA,0,NA,NA,1,0,-1,NA,NA,0,NA,NA,-1,0,1,NA,0,0,NA,NA,NA,0,NA,1,NA,0,NA,-1,0,NA,0,NA,-1,NA,1,0,NA,NA,0,NA
"65","9415313425              ",2,5,4,6,0,0,-1,0,NA,NA,NA,NA,NA,1,0,NA,NA,NA,NA,NA,1,-1,0,0,NA,0,NA,NA,-1,0,1,NA,NA,0,NA,NA,-1,0,0,NA,1,0,NA,NA,NA,0,NA,0,NA,1,NA,-1,0,NA,1,NA,0,NA,-1,0,NA,NA,0,NA
"66","5323489619              ",1,4,3,8,0,1,0,0,NA,NA,NA,NA,NA,-1,0,NA,NA,NA,NA,NA,1,0,-1,0,NA,0,NA,NA,1,0,0,NA,NA,-1,NA,NA,0,0,1,NA,0,-1,NA,NA,NA,1,NA,0,NA,0,NA,0,-1,NA,0,NA,0,NA,1,0,NA,NA,-1,NA
"67","7564339788              ",2,8,3,3,0,0,-1,1,NA,NA,NA,NA,NA,0,0,NA,NA,NA,NA,NA,1,0,-1,0,NA,0,NA,NA,0,-1,1,NA,NA,0,NA,NA,0,1,0,NA,0,-1,NA,NA,NA,0,NA,1,NA,0,NA,0,-1,NA,1,NA,0,NA,0,-1,NA,NA,0,NA
"68","6616152959              ",2,8,3,5,0,0,0,1,NA,NA,NA,NA,NA,-1,0,NA,NA,NA,NA,NA,0,1,0,-1,NA,0,NA,NA,0,-1,1,NA,NA,0,NA,NA,0,0,0,NA,1,-1,NA,NA,NA,0,NA,1,NA,0,NA,0,-1,NA,0,NA,1,NA,0,0,NA,NA,-1,NA
"69","3798948431              ",2,9,7,1,-1,0,0,0,NA,NA,NA,NA,NA,1,-1,NA,NA,NA,NA,NA,1,0,0,0,NA,0,NA,NA,0,-1,1,NA,NA,0,NA,NA,0,0,0,NA,1,-1,NA,NA,NA,0,NA,1,NA,0,NA,-1,0,NA,0,NA,0,NA,1,0,NA,NA,-1,NA
"70","3412791947              ",2,4,2,6,0,0,-1,1,NA,NA,NA,NA,NA,0,0,NA,NA,NA,NA,NA,1,-1,0,0,NA,0,NA,NA,0,-1,1,NA,NA,0,NA,NA,0,0,0,NA,1,-1,NA,NA,NA,0,NA,1,NA,0,NA,-1,0,NA,1,NA,0,NA,0,0,NA,NA,-1,NA
"71","5383137272              ",1,10,3,3,0,0,-1,1,NA,NA,NA,NA,NA,0,0,NA,NA,NA,NA,NA,1,-1,0,0,NA,0,NA,NA,-1,0,0,NA,NA,1,NA,NA,0,1,0,NA,0,-1,NA,NA,NA,0,NA,1,NA,0,NA,-1,0,NA,0,NA,-1,NA,0,1,NA,NA,0,NA
"72","1425374126              ",2,5,6,4,0,-1,0,1,NA,NA,NA,NA,NA,0,0,NA,NA,NA,NA,NA,0,0,-1,1,NA,-1,NA,NA,0,0,0,NA,NA,1,NA,NA,-1,1,0,NA,0,0,NA,NA,NA,-1,NA,1,NA,0,NA,0,0,NA,0,NA,1,NA,0,-1,NA,NA,0,NA
"73","9869754839              ",2,8,7,3,0,-1,0,1,NA,NA,NA,NA,NA,0,0,NA,NA,NA,NA,NA,1,0,0,-1,NA,0,NA,NA,0,0,1,NA,NA,-1,NA,NA,-1,0,0,NA,1,0,NA,NA,NA,-1,NA,0,NA,1,NA,0,0,NA,0,NA,-1,NA,0,1,NA,NA,0,NA
"74","3716959587              ",2,10,1,2,0,0,1,-1,NA,NA,NA,NA,NA,0,0,NA,NA,NA,NA,NA,1,0,-1,0,NA,1,NA,NA,0,-1,0,NA,NA,0,NA,NA,1,-1,0,NA,0,0,NA,NA,NA,1,NA,0,NA,0,NA,0,-1,NA,0,NA,1,NA,0,0,NA,NA,-1,NA
"75","7543583393              ",2,6,4,5,-1,1,0,0,NA,NA,NA,NA,NA,0,-1,NA,NA,NA,NA,NA,0,0,0,1,NA,0,NA,NA,0,0,-1,NA,NA,1,NA,NA,-1,0,0,NA,0,1,NA,NA,NA,-1,NA,1,NA,0,NA,0,0,NA,-1,NA,0,NA,0,0,NA,NA,1,NA
"76","1838371469              ",2,8,1,6,0,1,0,0,NA,NA,NA,NA,NA,-1,0,NA,NA,NA,NA,NA,-1,1,0,0,NA,0,NA,NA,-1,0,1,NA,NA,0,NA,NA,-1,0,0,NA,1,0,NA,NA,NA,0,NA,1,NA,0,NA,-1,0,NA,0,NA,-1,NA,0,0,NA,NA,1,NA
"77","1512498786              ",2,9,1,4,0,0,-1,0,NA,NA,NA,NA,NA,1,0,NA,NA,NA,NA,NA,-1,0,0,1,NA,-1,NA,NA,0,0,0,NA,NA,1,NA,NA,0,0,1,NA,-1,0,NA,NA,NA,-1,NA,1,NA,0,NA,0,0,NA,1,NA,0,NA,0,0,NA,NA,-1,NA
"78","1344191275              ",1,3,1,6,1,0,0,0,NA,NA,NA,NA,NA,-1,1,NA,NA,NA,NA,NA,0,-1,0,0,NA,0,NA,NA,0,0,1,NA,NA,-1,NA,NA,0,0,1,NA,0,-1,NA,NA,NA,0,NA,1,NA,0,NA,0,-1,NA,1,NA,0,NA,0,-1,NA,NA,0,NA
"79","4317265363              ",2,4,3,4,0,0,-1,1,NA,NA,NA,NA,NA,0,1,NA,NA,NA,NA,NA,0,0,-1,0,NA,0,NA,NA,0,-1,0,NA,NA,1,NA,NA,0,1,0,NA,0,-1,NA,NA,NA,0,NA,1,NA,0,NA,-1,0,NA,1,NA,-1,NA,0,0,NA,NA,0,NA
"80","8337492592              ",1,9,3,7,1,-1,0,0,NA,NA,NA,NA,NA,0,1,NA,NA,NA,NA,NA,0,0,-1,0,NA,-1,NA,NA,1,0,0,NA,NA,0,NA,NA,0,-1,1,NA,0,0,NA,NA,NA,-1,NA,0,NA,1,NA,0,0,NA,1,NA,0,NA,0,0,NA,NA,-1,NA
"81","5184256819              ",1,8,2,7,0,-1,0,0,NA,NA,NA,NA,NA,1,0,NA,NA,NA,NA,NA,1,-1,0,0,NA,-1,NA,NA,0,0,0,NA,NA,1,NA,NA,0,0,0,NA,1,-1,NA,NA,NA,0,NA,0,NA,0,NA,-1,1,NA,1,NA,-1,NA,0,0,NA,NA,0,NA
"82","7749234674              ",2,2,3,1,0,0,0,1,NA,NA,NA,NA,NA,-1,1,NA,NA,NA,NA,NA,0,-1,0,0,NA,0,NA,NA,0,0,1,NA,NA,-1,NA,NA,0,1,-1,NA,0,0,NA,NA,NA,0,NA,1,NA,-1,NA,0,0,NA,1,NA,0,NA,0,0,NA,NA,-1,NA
"83","5552142259              ",1,6,1,9,0,-1,0,1,NA,NA,NA,NA,NA,0,1,NA,NA,NA,NA,NA,0,-1,0,0,NA,-1,NA,NA,0,0,0,NA,NA,1,NA,NA,0,1,0,NA,0,-1,NA,NA,NA,0,NA,1,NA,0,NA,-1,0,NA,1,NA,0,NA,0,-1,NA,NA,0,NA
"84","1972149783              ",2,4,10,7,1,-1,0,0,NA,NA,NA,NA,NA,0,1,NA,NA,NA,NA,NA,0,0,0,-1,NA,-1,NA,NA,0,0,1,NA,NA,0,NA,NA,-1,0,0,NA,1,0,NA,NA,NA,0,NA,1,NA,0,NA,0,-1,NA,1,NA,0,NA,0,-1,NA,NA,0,NA
"85","7548411526              ",2,5,2,4,0,-1,0,0,NA,NA,NA,NA,NA,1,0,NA,NA,NA,NA,NA,0,1,-1,0,NA,-1,NA,NA,0,0,0,NA,NA,1,NA,NA,-1,0,0,NA,0,1,NA,NA,NA,-1,NA,0,NA,0,NA,1,0,NA,0,NA,-1,NA,0,1,NA,NA,0,NA
"86","4932586431              ",2,4,3,7,1,0,-1,0,NA,NA,NA,NA,NA,0,1,NA,NA,NA,NA,NA,0,-1,0,0,NA,1,NA,NA,-1,0,0,NA,NA,0,NA,NA,0,1,-1,NA,0,0,NA,NA,NA,0,NA,1,NA,0,NA,-1,0,NA,1,NA,0,NA,-1,0,NA,NA,0,NA
"87","6685181658              ",1,8,6,1,0,1,0,0,NA,NA,NA,NA,NA,-1,-1,NA,NA,NA,NA,NA,0,1,0,0,NA,0,NA,NA,0,1,0,NA,NA,-1,NA,NA,-1,0,0,NA,0,1,NA,NA,NA,0,NA,0,NA,0,NA,1,-1,NA,-1,NA,0,NA,0,1,NA,NA,0,NA
"88","4434371676              ",2,9,2,2,0,-1,1,0,NA,NA,NA,NA,NA,0,0,NA,NA,NA,NA,NA,-1,1,0,0,NA,-1,NA,NA,1,0,0,NA,NA,0,NA,NA,1,0,0,NA,-1,0,NA,NA,NA,0,NA,0,NA,0,NA,1,-1,NA,0,NA,1,NA,0,0,NA,NA,-1,NA
"89","2553835174              ",2,6,3,6,1,-1,0,0,NA,NA,NA,NA,NA,0,1,NA,NA,NA,NA,NA,0,0,-1,0,NA,-1,NA,NA,0,0,1,NA,NA,0,NA,NA,0,1,-1,NA,0,0,NA,NA,NA,-1,NA,1,NA,0,NA,0,0,NA,1,NA,0,NA,0,0,NA,NA,-1,NA
"90","2941763832              ",1,9,5,2,-1,0,0,1,NA,NA,NA,NA,NA,0,-1,NA,NA,NA,NA,NA,0,0,0,1,NA,0,NA,NA,1,0,-1,NA,NA,0,NA,NA,0,1,0,NA,-1,0,NA,NA,NA,0,NA,1,NA,0,NA,0,-1,NA,-1,NA,0,NA,1,0,NA,NA,0,NA
"91","8697337625              ",2,4,5,5,-1,1,0,0,NA,NA,NA,NA,NA,0,-1,NA,NA,NA,NA,NA,1,0,0,0,NA,0,NA,NA,-1,0,1,NA,NA,0,NA,NA,0,0,0,NA,1,-1,NA,NA,NA,1,NA,0,NA,0,NA,-1,0,NA,-1,NA,0,NA,0,1,NA,NA,0,NA
"92","3833994262              ",2,3,3,5,0,-1,0,1,NA,NA,NA,NA,NA,0,0,NA,NA,NA,NA,NA,0,-1,0,1,NA,-1,NA,NA,0,0,0,NA,NA,1,NA,NA,0,1,0,NA,0,-1,NA,NA,NA,0,NA,1,NA,0,NA,-1,0,NA,1,NA,0,NA,0,0,NA,NA,-1,NA
"93","1367235791              ",2,8,1,5,0,1,-1,0,NA,NA,NA,NA,NA,0,1,NA,NA,NA,NA,NA,0,-1,0,0,NA,1,NA,NA,-1,0,0,NA,NA,0,NA,NA,0,1,0,NA,0,-1,NA,NA,NA,0,NA,1,NA,0,NA,0,-1,NA,1,NA,0,NA,-1,0,NA,NA,0,NA
"94","1755417713              ",1,4,2,6,0,0,0,1,NA,NA,NA,NA,NA,-1,0,NA,NA,NA,NA,NA,1,0,-1,0,NA,0,NA,NA,0,0,1,NA,NA,-1,NA,NA,-1,1,0,NA,0,0,NA,NA,NA,0,NA,1,NA,0,NA,0,-1,NA,1,NA,0,NA,0,0,NA,NA,-1,NA
"95","2428374753              ",2,8,4,2,0,0,0,-1,NA,NA,NA,NA,NA,1,0,NA,NA,NA,NA,NA,0,0,-1,1,NA,0,NA,NA,-1,0,1,NA,NA,0,NA,NA,-1,0,0,NA,1,0,NA,NA,NA,0,NA,0,NA,0,NA,1,-1,NA,0,NA,0,NA,0,1,NA,NA,-1,NA
"96","2927568293              ",2,10,8,2,0,0,-1,0,NA,NA,NA,NA,NA,1,-1,NA,NA,NA,NA,NA,0,0,1,0,NA,0,NA,NA,0,-1,1,NA,NA,0,NA,NA,0,0,0,NA,1,-1,NA,NA,NA,0,NA,-1,NA,0,NA,0,1,NA,0,NA,-1,NA,1,0,NA,NA,0,NA
"97","9216584399              ",2,3,3,9,0,1,-1,0,NA,NA,NA,NA,NA,0,0,NA,NA,NA,NA,NA,0,0,-1,1,NA,1,NA,NA,-1,0,0,NA,NA,0,NA,NA,0,1,-1,NA,0,0,NA,NA,NA,1,NA,0,NA,0,NA,0,-1,NA,0,NA,1,NA,-1,0,NA,NA,0,NA
"98","6568638267              ",2,9,5,5,1,0,-1,0,NA,NA,NA,NA,NA,0,1,NA,NA,NA,NA,NA,0,-1,0,0,NA,1,NA,NA,0,-1,0,NA,NA,0,NA,NA,-1,1,0,NA,0,0,NA,NA,NA,0,NA,1,NA,0,NA,-1,0,NA,1,NA,-1,NA,0,0,NA,NA,0,NA
"99","3629824718              ",2,9,6,3,0,1,-1,0,NA,NA,NA,NA,NA,0,0,NA,NA,NA,NA,NA,0,-1,0,1,NA,1,NA,NA,0,-1,0,NA,NA,0,NA,NA,-1,1,0,NA,0,0,NA,NA,NA,0,NA,1,NA,0,NA,-1,0,NA,1,NA,-1,NA,0,0,NA,NA,0,NA
"100","3839245644              ",2,9,1,2,0,0,-1,0,NA,NA,NA,NA,NA,1,0,NA,NA,NA,NA,NA,-1,0,0,1,NA,0,NA,NA,0,0,-1,NA,NA,1,NA,NA,0,0,0,NA,-1,1,NA,NA,NA,0,NA,0,NA,-1,NA,1,0,NA,1,NA,0,NA,0,0,NA,NA,-1,NA
"101","8796781476              ",2,8,2,5,1,0,0,-1,NA,NA,NA,NA,NA,0,1,NA,NA,NA,NA,NA,0,-1,0,0,NA,-1,NA,NA,0,0,1,NA,NA,0,NA,NA,0,0,0,NA,1,-1,NA,NA,NA,0,NA,-1,NA,1,NA,0,0,NA,1,NA,0,NA,0,0,NA,NA,-1,NA
"102","4752765125              ",2,5,3,9,0,0,0,1,NA,NA,NA,NA,NA,-1,0,NA,NA,NA,NA,NA,1,0,0,-1,NA,0,NA,NA,0,0,1,NA,NA,-1,NA,NA,0,0,-1,NA,1,0,NA,NA,NA,0,NA,-1,NA,1,NA,0,0,NA,0,NA,0,NA,-1,1,NA,NA,0,NA
"103","5919577679              ",2,9,9,3,0,0,-1,0,NA,NA,NA,NA,NA,1,0,NA,NA,NA,NA,NA,0,-1,0,1,NA,0,NA,NA,0,-1,1,NA,NA,0,NA,NA,0,0,0,NA,1,-1,NA,NA,NA,0,NA,1,NA,-1,NA,0,0,NA,0,NA,1,NA,0,-1,NA,NA,0,NA
"104","7661642962              ",2,7,2,3,0,0,-1,0,NA,NA,NA,NA,NA,1,0,NA,NA,NA,NA,NA,1,0,-1,0,NA,0,NA,NA,0,-1,1,NA,NA,0,NA,NA,-1,0,0,NA,1,0,NA,NA,NA,0,NA,0,NA,-1,NA,1,0,NA,1,NA,0,NA,0,-1,NA,NA,0,NA
"105","5456282327              ",2,4,15,3,0,1,-1,0,NA,NA,NA,NA,NA,0,-1,NA,NA,NA,NA,NA,0,1,0,0,NA,0,NA,NA,0,0,-1,NA,NA,1,NA,NA,0,1,0,NA,-1,0,NA,NA,NA,0,NA,1,NA,0,NA,-1,0,NA,-1,NA,0,NA,0,0,NA,NA,1,NA
"106","4458513996              ",2,7,7,5,0,1,-1,0,NA,NA,NA,NA,NA,0,1,NA,NA,NA,NA,NA,0,-1,0,0,NA,1,NA,NA,0,-1,0,NA,NA,0,NA,NA,0,1,0,NA,0,-1,NA,NA,NA,1,NA,0,NA,-1,NA,0,0,NA,1,NA,0,NA,0,-1,NA,NA,0,NA
"107","8335286557              ",1,10,9,4,0,0,-1,0,NA,NA,NA,NA,NA,1,0,NA,NA,NA,NA,NA,0,-1,0,1,NA,-1,NA,NA,0,0,0,NA,NA,1,NA,NA,-1,0,1,NA,0,0,NA,NA,NA,0,NA,1,NA,0,NA,-1,0,NA,1,NA,-1,NA,0,0,NA,NA,0,NA
"108","8344892814              ",1,3,3,6,0,0,-1,1,NA,NA,NA,NA,NA,0,0,NA,NA,NA,NA,NA,0,0,-1,1,NA,0,NA,NA,-1,0,0,NA,NA,1,NA,NA,-1,1,0,NA,0,0,NA,NA,NA,0,NA,1,NA,-1,NA,0,0,NA,1,NA,-1,NA,0,0,NA,NA,0,NA
"109","7484147636              ",1,4,1,4,1,0,-1,0,NA,NA,NA,NA,NA,0,1,NA,NA,NA,NA,NA,0,-1,0,0,NA,0,NA,NA,0,1,-1,NA,NA,0,NA,NA,0,1,0,NA,0,-1,NA,NA,NA,0,NA,0,NA,1,NA,-1,0,NA,1,NA,0,NA,0,0,NA,NA,-1,NA
"110","7339449691              ",2,9,1,5,1,0,-1,0,NA,NA,NA,NA,NA,0,1,NA,NA,NA,NA,NA,0,-1,0,0,NA,0,NA,NA,-1,0,0,NA,NA,1,NA,NA,0,0,0,NA,1,-1,NA,NA,NA,0,NA,1,NA,0,NA,-1,0,NA,1,NA,0,NA,-1,0,NA,NA,0,NA
"111","3465426121              ",2,3,1,5,1,-1,0,0,NA,NA,NA,NA,NA,0,1,NA,NA,NA,NA,NA,0,-1,0,0,NA,0,NA,NA,0,-1,1,NA,NA,0,NA,NA,0,0,0,NA,1,-1,NA,NA,NA,0,NA,1,NA,0,NA,-1,0,NA,1,NA,0,NA,0,-1,NA,NA,0,NA
"112","3591659876              ",1,8,3,6,-1,0,0,1,NA,NA,NA,NA,NA,0,-1,NA,NA,NA,NA,NA,1,0,0,0,NA,0,NA,NA,0,-1,1,NA,NA,0,NA,NA,0,0,0,NA,1,-1,NA,NA,NA,0,NA,1,NA,0,NA,-1,0,NA,-1,NA,0,NA,1,0,NA,NA,0,NA
"113","4264942384              ",1,3,9,6,1,-1,0,0,NA,NA,NA,NA,NA,0,1,NA,NA,NA,NA,NA,0,0,-1,0,NA,-1,NA,NA,0,1,0,NA,NA,0,NA,NA,0,1,0,NA,0,-1,NA,NA,NA,0,NA,0,NA,1,NA,-1,0,NA,1,NA,0,NA,0,0,NA,NA,-1,NA
"114","8912526689              ",2,6,4,4,0,-1,0,0,NA,NA,NA,NA,NA,1,0,NA,NA,NA,NA,NA,0,0,-1,1,NA,0,NA,NA,0,-1,0,NA,NA,1,NA,NA,-1,0,0,NA,0,1,NA,NA,NA,0,NA,0,NA,-1,NA,1,0,NA,1,NA,0,NA,0,-1,NA,NA,0,NA
"115","7392281626              ",2,7,3,5,0,0,0,1,NA,NA,NA,NA,NA,-1,1,NA,NA,NA,NA,NA,0,-1,0,0,NA,0,NA,NA,0,1,0,NA,NA,-1,NA,NA,0,1,0,NA,0,-1,NA,NA,NA,0,NA,1,NA,0,NA,-1,0,NA,1,NA,-1,NA,0,0,NA,NA,0,NA
"116","1923676331              ",1,6,9,5,1,0,-1,0,NA,NA,NA,NA,NA,0,1,NA,NA,NA,NA,NA,0,0,-1,0,NA,0,NA,NA,0,-1,1,NA,NA,0,NA,NA,-1,0,0,NA,1,0,NA,NA,NA,1,NA,0,NA,0,NA,-1,0,NA,1,NA,0,NA,0,0,NA,NA,-1,NA
"117","9456767414              ",1,5,2,5,1,0,0,-1,NA,NA,NA,NA,NA,0,1,NA,NA,NA,NA,NA,0,-1,0,0,NA,0,NA,NA,0,0,-1,NA,NA,1,NA,NA,0,-1,1,NA,0,0,NA,NA,NA,0,NA,-1,NA,0,NA,0,1,NA,1,NA,-1,NA,0,0,NA,NA,0,NA
"118","4113986861              ",1,4,7,5,0,0,-1,0,NA,NA,NA,NA,NA,1,0,NA,NA,NA,NA,NA,0,0,-1,1,NA,0,NA,NA,0,-1,0,NA,NA,1,NA,NA,-1,0,0,NA,1,0,NA,NA,NA,0,NA,0,NA,0,NA,1,-1,NA,1,NA,0,NA,0,0,NA,NA,-1,NA
"119","5285314352              ",1,10,3,6,0,0,-1,1,NA,NA,NA,NA,NA,0,1,NA,NA,NA,NA,NA,0,-1,0,0,NA,-1,NA,NA,0,1,0,NA,NA,0,NA,NA,-1,1,0,NA,0,0,NA,NA,NA,0,NA,1,NA,0,NA,0,-1,NA,1,NA,0,NA,0,0,NA,NA,-1,NA
"120","9782765779              ",2,4,4,2,1,-1,0,0,NA,NA,NA,NA,NA,0,1,NA,NA,NA,NA,NA,0,-1,0,0,NA,-1,NA,NA,0,0,1,NA,NA,0,NA,NA,-1,0,0,NA,1,0,NA,NA,NA,-1,NA,0,NA,0,NA,0,1,NA,1,NA,-1,NA,0,0,NA,NA,0,NA
"121","2662821434              ",1,8,2,5,0,-1,1,0,NA,NA,NA,NA,NA,0,0,NA,NA,NA,NA,NA,0,-1,0,1,NA,0,NA,NA,1,-1,0,NA,NA,0,NA,NA,0,0,1,NA,0,-1,NA,NA,NA,1,NA,0,NA,-1,NA,0,0,NA,0,NA,0,NA,1,-1,NA,NA,0,NA
"122","8544655428              ",1,9,1,6,0,1,-1,0,NA,NA,NA,NA,NA,0,1,NA,NA,NA,NA,NA,0,0,-1,0,NA,0,NA,NA,-1,1,0,NA,NA,0,NA,NA,0,0,-1,NA,0,1,NA,NA,NA,0,NA,0,NA,0,NA,1,-1,NA,1,NA,0,NA,0,0,NA,NA,-1,NA
"123","5728411187              ",1,8,2,7,0,0,-1,0,NA,NA,NA,NA,NA,1,-1,NA,NA,NA,NA,NA,0,1,0,0,NA,0,NA,NA,0,-1,0,NA,NA,1,NA,NA,-1,0,0,NA,0,1,NA,NA,NA,0,NA,0,NA,-1,NA,1,0,NA,0,NA,-1,NA,1,0,NA,NA,0,NA
"124","6189591612              ",2,3,1,4,1,0,-1,0,NA,NA,NA,NA,NA,0,1,NA,NA,NA,NA,NA,0,-1,0,0,NA,0,NA,NA,0,-1,0,NA,NA,1,NA,NA,0,1,0,NA,0,-1,NA,NA,NA,0,NA,1,NA,0,NA,-1,0,NA,1,NA,-1,NA,0,0,NA,NA,0,NA
"125","5635349861              ",2,9,1,9,1,0,0,0,NA,NA,NA,NA,NA,-1,1,NA,NA,NA,NA,NA,0,0,0,-1,NA,0,NA,NA,0,-1,1,NA,NA,0,NA,NA,-1,1,0,NA,0,0,NA,NA,NA,0,NA,1,NA,-1,NA,0,0,NA,1,NA,0,NA,0,-1,NA,NA,0,NA
"126","4379293694              ",2,8,3,3,-1,0,0,1,NA,NA,NA,NA,NA,0,-1,NA,NA,NA,NA,NA,1,0,0,0,NA,1,NA,NA,0,0,0,NA,NA,-1,NA,NA,0,1,0,NA,0,-1,NA,NA,NA,0,NA,1,NA,0,NA,-1,0,NA,-1,NA,1,NA,0,0,NA,NA,0,NA
"127","2149648869              ",2,5,5,5,0,1,-1,0,NA,NA,NA,NA,NA,0,1,NA,NA,NA,NA,NA,0,-1,0,0,NA,0,NA,NA,0,-1,1,NA,NA,0,NA,NA,-1,0,0,NA,1,0,NA,NA,NA,1,NA,0,NA,0,NA,-1,0,NA,1,NA,0,NA,0,-1,NA,NA,0,NA
"128","2294387349              ",2,7,5,6,0,0,-1,1,NA,NA,NA,NA,NA,0,1,NA,NA,NA,NA,NA,0,0,-1,0,NA,0,NA,NA,-1,0,1,NA,NA,0,NA,NA,0,1,-1,NA,0,0,NA,NA,NA,0,NA,1,NA,0,NA,0,-1,NA,1,NA,0,NA,-1,0,NA,NA,0,NA
"129","3269988321              ",2,9,1,5,1,0,-1,0,NA,NA,NA,NA,NA,0,1,NA,NA,NA,NA,NA,0,0,-1,0,NA,0,NA,NA,0,-1,1,NA,NA,0,NA,NA,-1,0,0,NA,1,0,NA,NA,NA,1,NA,0,NA,-1,NA,0,0,NA,1,NA,0,NA,0,-1,NA,NA,0,NA
"130","4233198932              ",2,3,5,6,1,-1,0,0,NA,NA,NA,NA,NA,0,1,NA,NA,NA,NA,NA,0,-1,0,0,NA,0,NA,NA,0,-1,1,NA,NA,0,NA,NA,0,0,0,NA,1,-1,NA,NA,NA,0,NA,1,NA,-1,NA,0,0,NA,1,NA,0,NA,0,-1,NA,NA,0,NA
"131","8388362595              ",1,9,3,5,0,0,-1,1,NA,NA,NA,NA,NA,0,0,NA,NA,NA,NA,NA,1,-1,0,0,NA,0,NA,NA,0,-1,1,NA,NA,0,NA,NA,0,0,0,NA,1,-1,NA,NA,NA,0,NA,1,NA,0,NA,-1,0,NA,1,NA,-1,NA,0,0,NA,NA,0,NA
"132","5485222297              ",1,10,3,4,-1,0,0,1,NA,NA,NA,NA,NA,0,-1,NA,NA,NA,NA,NA,1,0,0,0,NA,0,NA,NA,-1,0,1,NA,NA,0,NA,NA,0,1,-1,NA,0,0,NA,NA,NA,0,NA,1,NA,-1,NA,0,0,NA,0,NA,0,NA,-1,0,NA,NA,1,NA
"133","9268842155              ",1,8,1,7,1,0,-1,0,NA,NA,NA,NA,NA,0,1,NA,NA,NA,NA,NA,0,0,-1,0,NA,0,NA,NA,1,-1,0,NA,NA,0,NA,NA,0,0,1,NA,0,-1,NA,NA,NA,1,NA,0,NA,0,NA,-1,0,NA,0,NA,-1,NA,1,0,NA,NA,0,NA
"134","3218363763              ",2,10,1,6,1,0,-1,0,NA,NA,NA,NA,NA,0,1,NA,NA,NA,NA,NA,0,0,-1,0,NA,0,NA,NA,0,-1,0,NA,NA,1,NA,NA,-1,0,0,NA,1,0,NA,NA,NA,1,NA,0,NA,-1,NA,0,0,NA,1,NA,-1,NA,0,0,NA,NA,0,NA
"135","9485757253              ",2,6,3,6,0,0,-1,1,NA,NA,NA,NA,NA,0,-1,NA,NA,NA,NA,NA,0,0,0,1,NA,0,NA,NA,-1,0,0,NA,NA,1,NA,NA,-1,1,0,NA,0,0,NA,NA,NA,1,NA,0,NA,0,NA,0,-1,NA,1,NA,0,NA,-1,0,NA,NA,0,NA
"136","9641775822              ",2,9,2,5,0,0,-1,1,NA,NA,NA,NA,NA,0,-1,NA,NA,NA,NA,NA,0,0,0,1,NA,0,NA,NA,-1,0,0,NA,NA,1,NA,NA,-1,0,0,NA,0,1,NA,NA,NA,0,NA,0,NA,1,NA,0,-1,NA,0,NA,-1,NA,0,1,NA,NA,0,NA
"137","8847852527              ",1,9,7,4,-1,0,0,1,NA,NA,NA,NA,NA,0,-1,NA,NA,NA,NA,NA,1,0,0,0,NA,0,NA,NA,-1,0,1,NA,NA,0,NA,NA,0,0,-1,NA,1,0,NA,NA,NA,0,NA,0,NA,-1,NA,0,1,NA,0,NA,0,NA,-1,0,NA,NA,1,NA
"138","3811791483              ",2,4,3,5,1,-1,0,0,NA,NA,NA,NA,NA,0,1,NA,NA,NA,NA,NA,0,0,-1,0,NA,-1,NA,NA,0,0,1,NA,NA,0,NA,NA,0,0,0,NA,1,-1,NA,NA,NA,0,NA,1,NA,0,NA,0,-1,NA,1,NA,0,NA,0,0,NA,NA,-1,NA
"139","3329656493              ",1,9,2,7,1,-1,0,0,NA,NA,NA,NA,NA,0,1,NA,NA,NA,NA,NA,0,-1,0,0,NA,-1,NA,NA,0,0,0,NA,NA,1,NA,NA,0,1,0,NA,0,-1,NA,NA,NA,-1,NA,1,NA,0,NA,0,0,NA,1,NA,-1,NA,0,0,NA,NA,0,NA
"140","3769863826              ",2,8,3,2,-1,1,0,0,NA,NA,NA,NA,NA,0,0,NA,NA,NA,NA,NA,0,1,-1,0,NA,0,NA,NA,1,-1,0,NA,NA,0,NA,NA,0,-1,0,NA,0,1,NA,NA,NA,0,NA,0,NA,-1,NA,1,0,NA,0,NA,0,NA,1,-1,NA,NA,0,NA
"141","6684347758              ",1,8,3,3,-1,0,0,1,NA,NA,NA,NA,NA,0,0,NA,NA,NA,NA,NA,1,-1,0,0,NA,0,NA,NA,1,0,0,NA,NA,-1,NA,NA,0,0,1,NA,0,-1,NA,NA,NA,0,NA,1,NA,0,NA,-1,0,NA,-1,NA,0,NA,1,0,NA,NA,0,NA
"142","2654723718              ",1,3,1,7,-1,0,0,1,NA,NA,NA,NA,NA,0,-1,NA,NA,NA,NA,NA,1,0,0,0,NA,-1,NA,NA,1,0,0,NA,NA,0,NA,NA,0,0,1,NA,0,-1,NA,NA,NA,0,NA,1,NA,-1,NA,0,0,NA,-1,NA,0,NA,1,0,NA,NA,0,NA
"143","3378396544              ",2,10,6,3,1,0,-1,0,NA,NA,NA,NA,NA,0,1,NA,NA,NA,NA,NA,0,-1,0,0,NA,1,NA,NA,0,-1,0,NA,NA,0,NA,NA,0,1,0,NA,0,-1,NA,NA,NA,1,NA,0,NA,0,NA,-1,0,NA,1,NA,0,NA,0,-1,NA,NA,0,NA
"144","7761869155              ",1,8,5,6,0,1,-1,0,NA,NA,NA,NA,NA,0,0,NA,NA,NA,NA,NA,0,-1,1,0,NA,1,NA,NA,0,-1,0,NA,NA,0,NA,NA,0,0,1,NA,0,-1,NA,NA,NA,1,NA,0,NA,0,NA,-1,0,NA,0,NA,-1,NA,1,0,NA,NA,0,NA
"145","7343564276              ",2,9,1,5,-1,0,0,0,NA,NA,NA,NA,NA,1,0,NA,NA,NA,NA,NA,0,-1,0,1,NA,0,NA,NA,-1,0,0,NA,NA,1,NA,NA,0,0,0,NA,1,-1,NA,NA,NA,0,NA,0,NA,1,NA,-1,0,NA,0,NA,0,NA,0,1,NA,NA,-1,NA
"146","5633357864              ",2,7,5,4,-1,0,0,0,NA,NA,NA,NA,NA,1,-1,NA,NA,NA,NA,NA,0,0,0,1,NA,0,NA,NA,-1,0,0,NA,NA,1,NA,NA,0,0,-1,NA,1,0,NA,NA,NA,1,NA,0,NA,0,NA,0,-1,NA,-1,NA,0,NA,0,1,NA,NA,0,NA
"147","7252122311              ",2,9,6,4,-1,0,0,0,NA,NA,NA,NA,NA,1,0,NA,NA,NA,NA,NA,1,0,-1,0,NA,-1,NA,NA,0,0,1,NA,NA,0,NA,NA,-1,0,0,NA,1,0,NA,NA,NA,-1,NA,1,NA,0,NA,0,0,NA,0,NA,-1,NA,1,0,NA,NA,0,NA
"148","2844794626              ",1,9,5,5,0,0,-1,0,NA,NA,NA,NA,NA,1,0,NA,NA,NA,NA,NA,0,-1,0,1,NA,0,NA,NA,1,0,-1,NA,NA,0,NA,NA,0,0,1,NA,0,-1,NA,NA,NA,0,NA,1,NA,0,NA,-1,0,NA,0,NA,-1,NA,1,0,NA,NA,0,NA
"149","1381633594              ",1,7,12,6,1,-1,0,0,NA,NA,NA,NA,NA,0,0,NA,NA,NA,NA,NA,1,-1,0,0,NA,-1,NA,NA,0,0,1,NA,NA,0,NA,NA,0,0,0,NA,1,-1,NA,NA,NA,0,NA,1,NA,0,NA,-1,0,NA,1,NA,0,NA,0,0,NA,NA,-1,NA
"150","3137412761              ",2,4,4,5,1,-1,0,0,NA,NA,NA,NA,NA,0,1,NA,NA,NA,NA,NA,0,0,-1,0,NA,0,NA,NA,-1,0,1,NA,NA,0,NA,NA,0,1,-1,NA,0,0,NA,NA,NA,0,NA,0,NA,-1,NA,1,0,NA,1,NA,0,NA,0,-1,NA,NA,0,NA
"151","8797222874              ",1,5,3,7,1,-1,0,0,NA,NA,NA,NA,NA,0,1,NA,NA,NA,NA,NA,0,0,-1,0,NA,0,NA,NA,-1,0,0,NA,NA,1,NA,NA,-1,0,0,NA,1,0,NA,NA,NA,0,NA,1,NA,-1,NA,0,0,NA,1,NA,-1,NA,0,0,NA,NA,0,NA
"152","9999291226              ",2,6,3,8,-1,0,0,0,NA,NA,NA,NA,NA,1,-1,NA,NA,NA,NA,NA,0,0,0,1,NA,0,NA,NA,-1,0,0,NA,NA,1,NA,NA,1,0,-1,NA,0,0,NA,NA,NA,0,NA,1,NA,0,NA,0,-1,NA,0,NA,1,NA,-1,0,NA,NA,0,NA
"153","9945643398              ",2,4,9,4,0,0,-1,0,NA,NA,NA,NA,NA,1,0,NA,NA,NA,NA,NA,0,-1,0,1,NA,0,NA,NA,-1,0,0,NA,NA,1,NA,NA,-1,0,0,NA,1,0,NA,NA,NA,0,NA,0,NA,1,NA,-1,0,NA,0,NA,-1,NA,0,1,NA,NA,0,NA
"154","2145885693              ",1,8,3,5,-1,0,0,0,NA,NA,NA,NA,NA,1,-1,NA,NA,NA,NA,NA,0,0,0,1,NA,0,NA,NA,0,-1,0,NA,NA,1,NA,NA,-1,0,0,NA,0,1,NA,NA,NA,0,NA,-1,NA,0,NA,1,0,NA,0,NA,1,NA,0,0,NA,NA,-1,NA
"155","8651368991              ",1,9,8,3,-1,0,0,1,NA,NA,NA,NA,NA,0,0,NA,NA,NA,NA,NA,0,1,-1,0,NA,0,NA,NA,0,0,1,NA,NA,-1,NA,NA,-1,0,0,NA,1,0,NA,NA,NA,0,NA,1,NA,0,NA,0,-1,NA,0,NA,0,NA,0,1,NA,NA,-1,NA
"156","2597649268              ",1,8,5,4,-1,0,0,1,NA,NA,NA,NA,NA,0,-1,NA,NA,NA,NA,NA,0,1,0,0,NA,1,NA,NA,0,-1,0,NA,NA,0,NA,NA,-1,0,0,NA,0,1,NA,NA,NA,0,NA,0,NA,-1,NA,1,0,NA,-1,NA,0,NA,1,0,NA,NA,0,NA
"157","6125198849              ",1,9,5,6,0,0,-1,0,NA,NA,NA,NA,NA,1,0,NA,NA,NA,NA,NA,0,0,-1,1,NA,0,NA,NA,0,-1,0,NA,NA,1,NA,NA,0,0,0,NA,1,-1,NA,NA,NA,1,NA,0,NA,0,NA,0,-1,NA,0,NA,0,NA,1,0,NA,NA,-1,NA
"158","8683372219              ",2,9,6,6,0,0,-1,1,NA,NA,NA,NA,NA,0,0,NA,NA,NA,NA,NA,-1,1,0,0,NA,0,NA,NA,0,1,0,NA,NA,-1,NA,NA,-1,0,0,NA,0,1,NA,NA,NA,0,NA,0,NA,0,NA,-1,1,NA,0,NA,-1,NA,0,0,NA,NA,1,NA
"159","3562838538              ",2,3,15,7,1,0,0,0,NA,NA,NA,NA,NA,-1,1,NA,NA,NA,NA,NA,0,0,-1,0,NA,1,NA,NA,-1,0,0,NA,NA,0,NA,NA,0,0,-1,NA,0,1,NA,NA,NA,0,NA,0,NA,0,NA,1,-1,NA,1,NA,0,NA,-1,0,NA,NA,0,NA
"160","4863626775              ",2,10,7,5,0,-1,0,1,NA,NA,NA,NA,NA,0,0,NA,NA,NA,NA,NA,0,-1,1,0,NA,-1,NA,NA,0,0,0,NA,NA,1,NA,NA,0,1,0,NA,0,-1,NA,NA,NA,0,NA,1,NA,0,NA,-1,0,NA,-1,NA,0,NA,0,0,NA,NA,1,NA
"161","7766334486              ",2,10,8,5,0,-1,0,0,NA,NA,NA,NA,NA,1,-1,NA,NA,NA,NA,NA,0,1,0,0,NA,-1,NA,NA,0,0,0,NA,NA,1,NA,NA,0,0,-1,NA,0,1,NA,NA,NA,-1,NA,0,NA,0,NA,1,0,NA,-1,NA,1,NA,0,0,NA,NA,0,NA
"162","5658841831              ",2,4,7,5,1,0,-1,0,NA,NA,NA,NA,NA,0,1,NA,NA,NA,NA,NA,0,-1,0,0,NA,0,NA,NA,0,-1,0,NA,NA,1,NA,NA,0,1,0,NA,0,-1,NA,NA,NA,0,NA,1,NA,0,NA,-1,0,NA,1,NA,0,NA,0,0,NA,NA,-1,NA
"163","5775977279              ",2,9,5,5,0,1,0,0,NA,NA,NA,NA,NA,-1,0,NA,NA,NA,NA,NA,1,0,-1,0,NA,0,NA,NA,0,0,1,NA,NA,-1,NA,NA,0,0,-1,NA,1,0,NA,NA,NA,0,NA,1,NA,0,NA,0,-1,NA,0,NA,1,NA,0,0,NA,NA,-1,NA
"164","8645313658              ",2,8,1,4,0,-1,0,0,NA,NA,NA,NA,NA,1,0,NA,NA,NA,NA,NA,0,0,-1,1,NA,0,NA,NA,-1,0,0,NA,NA,1,NA,NA,0,1,-1,NA,0,0,NA,NA,NA,0,NA,1,NA,0,NA,0,-1,NA,0,NA,0,NA,0,1,NA,NA,-1,NA
"165","8373914124              ",2,3,1,7,-1,0,0,0,NA,NA,NA,NA,NA,1,-1,NA,NA,NA,NA,NA,0,0,0,1,NA,1,NA,NA,0,-1,0,NA,NA,0,NA,NA,-1,0,0,NA,1,0,NA,NA,NA,0,NA,1,NA,0,NA,0,-1,NA,0,NA,-1,NA,1,0,NA,NA,0,NA
"166","9171479678              ",2,6,3,7,1,-1,0,0,NA,NA,NA,NA,NA,0,1,NA,NA,NA,NA,NA,0,0,-1,0,NA,-1,NA,NA,0,0,1,NA,NA,0,NA,NA,-1,0,0,NA,0,1,NA,NA,NA,0,NA,0,NA,0,NA,1,-1,NA,1,NA,-1,NA,0,0,NA,NA,0,NA
"167","4242819518              ",1,9,1,2,-1,1,0,0,NA,NA,NA,NA,NA,0,0,NA,NA,NA,NA,NA,0,-1,0,1,NA,1,NA,NA,-1,0,0,NA,NA,0,NA,NA,0,1,0,NA,0,-1,NA,NA,NA,0,NA,0,NA,1,NA,-1,0,NA,0,NA,1,NA,0,0,NA,NA,-1,NA
"168","6514299123              ",2,4,10,5,0,0,-1,1,NA,NA,NA,NA,NA,0,0,NA,NA,NA,NA,NA,0,0,-1,1,NA,0,NA,NA,-1,0,0,NA,NA,1,NA,NA,0,1,0,NA,0,-1,NA,NA,NA,0,NA,1,NA,0,NA,-1,0,NA,0,NA,-1,NA,0,1,NA,NA,0,NA
"169","1688116566              ",2,2,4,5,0,1,-1,0,NA,NA,NA,NA,NA,0,0,NA,NA,NA,NA,NA,0,0,-1,1,NA,0,NA,NA,-1,1,0,NA,NA,0,NA,NA,0,-1,0,NA,0,1,NA,NA,NA,0,NA,0,NA,1,NA,0,-1,NA,0,NA,0,NA,0,1,NA,NA,-1,NA
"170","8678262638              ",2,10,6,2,-1,0,0,0,NA,NA,NA,NA,NA,1,0,NA,NA,NA,NA,NA,0,-1,0,1,NA,0,NA,NA,0,0,-1,NA,NA,1,NA,NA,0,1,0,NA,0,-1,NA,NA,NA,0,NA,1,NA,0,NA,-1,0,NA,-1,NA,0,NA,0,0,NA,NA,1,NA
"171","9532597996              ",2,10,9,4,0,0,0,-1,NA,NA,NA,NA,NA,1,0,NA,NA,NA,NA,NA,0,1,-1,0,NA,0,NA,NA,0,0,-1,NA,NA,1,NA,NA,0,-1,0,NA,0,1,NA,NA,NA,0,NA,0,NA,0,NA,1,-1,NA,0,NA,0,NA,0,1,NA,NA,-1,NA
"172","8115878241              ",2,5,9,7,1,0,0,0,NA,NA,NA,NA,NA,-1,1,NA,NA,NA,NA,NA,0,-1,0,0,NA,0,NA,NA,0,1,0,NA,NA,-1,NA,NA,1,0,0,NA,0,-1,NA,NA,NA,0,NA,0,NA,1,NA,-1,0,NA,0,NA,0,NA,0,1,NA,NA,-1,NA
"173","6165716397              ",2,9,3,5,1,0,-1,0,NA,NA,NA,NA,NA,0,1,NA,NA,NA,NA,NA,-1,0,0,0,NA,0,NA,NA,0,-1,0,NA,NA,1,NA,NA,0,0,-1,NA,0,1,NA,NA,NA,0,NA,0,NA,-1,NA,1,0,NA,1,NA,0,NA,-1,0,NA,NA,0,NA
"174","8617486352              ",1,5,15,6,0,0,-1,0,NA,NA,NA,NA,NA,1,0,NA,NA,NA,NA,NA,1,0,-1,0,NA,-1,NA,NA,0,0,1,NA,NA,0,NA,NA,-1,0,0,NA,1,0,NA,NA,NA,-1,NA,1,NA,0,NA,0,0,NA,1,NA,-1,NA,0,0,NA,NA,0,NA
"175","4315742337              ",2,3,6,4,1,0,-1,0,NA,NA,NA,NA,NA,0,0,NA,NA,NA,NA,NA,0,-1,0,1,NA,0,NA,NA,-1,0,0,NA,NA,1,NA,NA,0,0,-1,NA,1,0,NA,NA,NA,1,NA,0,NA,0,NA,0,-1,NA,1,NA,-1,NA,0,0,NA,NA,0,NA
"176","5278189828              ",1,9,2,8,0,0,-1,1,NA,NA,NA,NA,NA,0,0,NA,NA,NA,NA,NA,0,1,-1,0,NA,0,NA,NA,0,1,0,NA,NA,-1,NA,NA,-1,0,0,NA,0,1,NA,NA,NA,-1,NA,0,NA,0,NA,1,0,NA,1,NA,-1,NA,0,0,NA,NA,0,NA
"177","3719657677              ",2,10,1,4,0,0,0,1,NA,NA,NA,NA,NA,-1,0,NA,NA,NA,NA,NA,0,-1,1,0,NA,1,NA,NA,0,-1,0,NA,NA,0,NA,NA,0,1,0,NA,-1,0,NA,NA,NA,0,NA,1,NA,-1,NA,0,0,NA,0,NA,0,NA,0,-1,NA,NA,1,NA
"178","7612777571              ",2,7,2,4,0,1,-1,0,NA,NA,NA,NA,NA,0,0,NA,NA,NA,NA,NA,0,0,-1,1,NA,1,NA,NA,0,-1,0,NA,NA,0,NA,NA,0,1,-1,NA,0,0,NA,NA,NA,1,NA,0,NA,0,NA,-1,0,NA,1,NA,-1,NA,0,0,NA,NA,0,NA
"179","5689537285              ",2,9,9,5,0,1,-1,0,NA,NA,NA,NA,NA,0,0,NA,NA,NA,NA,NA,0,-1,0,1,NA,1,NA,NA,0,-1,0,NA,NA,0,NA,NA,0,0,0,NA,1,-1,NA,NA,NA,1,NA,0,NA,0,NA,-1,0,NA,1,NA,0,NA,0,-1,NA,NA,0,NA
"180","5289313291              ",2,6,7,5,1,0,0,0,NA,NA,NA,NA,NA,-1,1,NA,NA,NA,NA,NA,0,0,0,-1,NA,0,NA,NA,0,0,1,NA,NA,-1,NA,NA,0,0,-1,NA,1,0,NA,NA,NA,1,NA,0,NA,0,NA,-1,0,NA,1,NA,0,NA,-1,0,NA,NA,0,NA
"181","2214394433              ",2,8,12,2,-1,0,0,0,NA,NA,NA,NA,NA,1,-1,NA,NA,NA,NA,NA,1,0,0,0,NA,0,NA,NA,0,-1,1,NA,NA,0,NA,NA,0,-1,0,NA,1,0,NA,NA,NA,0,NA,0,NA,-1,NA,0,1,NA,0,NA,0,NA,0,-1,NA,NA,1,NA
"182","7355617391              ",1,10,7,6,-1,0,0,1,NA,NA,NA,NA,NA,0,-1,NA,NA,NA,NA,NA,1,0,0,0,NA,1,NA,NA,0,0,0,NA,NA,-1,NA,NA,0,1,0,NA,0,-1,NA,NA,NA,0,NA,1,NA,0,NA,-1,0,NA,-1,NA,0,NA,0,1,NA,NA,0,NA
"183","3956476577              ",1,7,3,1,0,0,0,1,NA,NA,NA,NA,NA,-1,0,NA,NA,NA,NA,NA,1,-1,0,0,NA,0,NA,NA,0,-1,1,NA,NA,0,NA,NA,0,0,0,NA,1,-1,NA,NA,NA,1,NA,0,NA,-1,NA,0,0,NA,0,NA,1,NA,0,-1,NA,NA,0,NA
"184","5793818688              ",2,6,10,4,0,0,-1,1,NA,NA,NA,NA,NA,0,1,NA,NA,NA,NA,NA,0,0,0,-1,NA,0,NA,NA,-1,1,0,NA,NA,0,NA,NA,-1,1,0,NA,0,0,NA,NA,NA,-1,NA,1,NA,0,NA,0,0,NA,1,NA,-1,NA,0,0,NA,NA,0,NA
"185","5965683166              ",2,7,2,5,0,1,-1,0,NA,NA,NA,NA,NA,0,0,NA,NA,NA,NA,NA,0,-1,1,0,NA,0,NA,NA,1,-1,0,NA,NA,0,NA,NA,0,1,-1,NA,0,0,NA,NA,NA,0,NA,0,NA,-1,NA,0,1,NA,0,NA,0,NA,0,-1,NA,NA,1,NA
"186","6716784334              ",2,8,1,6,0,0,0,1,NA,NA,NA,NA,NA,-1,0,NA,NA,NA,NA,NA,1,0,-1,0,NA,0,NA,NA,0,0,1,NA,NA,-1,NA,NA,0,0,-1,NA,1,0,NA,NA,NA,0,NA,0,NA,0,NA,1,-1,NA,0,NA,0,NA,0,1,NA,NA,-1,NA
"187","4497584676              ",1,6,3,7,0,-1,0,1,NA,NA,NA,NA,NA,0,0,NA,NA,NA,NA,NA,0,0,1,-1,NA,-1,NA,NA,0,0,1,NA,NA,0,NA,NA,0,1,-1,NA,0,0,NA,NA,NA,0,NA,1,NA,-1,NA,0,0,NA,0,NA,-1,NA,0,0,NA,NA,1,NA
"188","7216842755              ",1,10,1,2,1,0,-1,0,NA,NA,NA,NA,NA,0,1,NA,NA,NA,NA,NA,0,0,-1,0,NA,1,NA,NA,0,0,0,NA,NA,-1,NA,NA,-1,1,0,NA,0,0,NA,NA,NA,1,NA,0,NA,0,NA,0,-1,NA,1,NA,0,NA,0,0,NA,NA,-1,NA
"189","2598529283              ",2,7,7,5,0,0,-1,0,NA,NA,NA,NA,NA,1,0,NA,NA,NA,NA,NA,0,-1,0,1,NA,0,NA,NA,0,-1,0,NA,NA,1,NA,NA,0,0,0,NA,1,-1,NA,NA,NA,0,NA,0,NA,1,NA,-1,0,NA,1,NA,-1,NA,0,0,NA,NA,0,NA
"190","4293635835              ",1,2,7,6,1,0,-1,0,NA,NA,NA,NA,NA,0,1,NA,NA,NA,NA,NA,0,-1,0,0,NA,1,NA,NA,0,0,-1,NA,NA,0,NA,NA,0,0,1,NA,0,-1,NA,NA,NA,1,NA,0,NA,0,NA,-1,0,NA,1,NA,-1,NA,0,0,NA,NA,0,NA
"191","6246953239              ",2,2,7,4,-1,0,0,0,NA,NA,NA,NA,NA,1,-1,NA,NA,NA,NA,NA,0,0,0,1,NA,0,NA,NA,0,-1,0,NA,NA,1,NA,NA,-1,0,0,NA,1,0,NA,NA,NA,1,NA,0,NA,0,NA,0,-1,NA,-1,NA,0,NA,0,1,NA,NA,0,NA
"192","8179123236              ",2,5,12,3,0,0,-1,1,NA,NA,NA,NA,NA,0,-1,NA,NA,NA,NA,NA,1,0,0,0,NA,0,NA,NA,-1,0,1,NA,NA,0,NA,NA,-1,1,0,NA,0,0,NA,NA,NA,0,NA,1,NA,0,NA,-1,0,NA,0,NA,0,NA,1,0,NA,NA,-1,NA
"193","3761428749              ",2,3,9,7,1,0,-1,0,NA,NA,NA,NA,NA,0,1,NA,NA,NA,NA,NA,0,-1,0,0,NA,0,NA,NA,-1,0,1,NA,NA,0,NA,NA,0,0,0,NA,1,-1,NA,NA,NA,0,NA,1,NA,0,NA,-1,0,NA,1,NA,-1,NA,0,0,NA,NA,0,NA
"194","8937326245              ",2,5,3,6,1,0,-1,0,NA,NA,NA,NA,NA,0,1,NA,NA,NA,NA,NA,0,0,-1,0,NA,0,NA,NA,-1,0,0,NA,NA,1,NA,NA,0,1,-1,NA,0,0,NA,NA,NA,-1,NA,1,NA,0,NA,0,0,NA,1,NA,0,NA,-1,0,NA,NA,0,NA
"195","4281791681              ",1,10,8,4,1,-1,0,0,NA,NA,NA,NA,NA,0,-1,NA,NA,NA,NA,NA,0,1,0,0,NA,1,NA,NA,-1,0,0,NA,NA,0,NA,NA,0,1,-1,NA,0,0,NA,NA,NA,0,NA,1,NA,-1,NA,0,0,NA,0,NA,1,NA,-1,0,NA,NA,0,NA
"196","2265818188              ",2,8,6,4,1,0,-1,0,NA,NA,NA,NA,NA,0,1,NA,NA,NA,NA,NA,0,0,-1,0,NA,1,NA,NA,0,-1,0,NA,NA,0,NA,NA,0,1,-1,NA,0,0,NA,NA,NA,1,NA,0,NA,-1,NA,0,0,NA,1,NA,0,NA,0,-1,NA,NA,0,NA
"197","9531919588              ",1,8,3,5,1,0,-1,0,NA,NA,NA,NA,NA,0,1,NA,NA,NA,NA,NA,0,0,-1,0,NA,0,NA,NA,0,1,-1,NA,NA,0,NA,NA,-1,0,1,NA,0,0,NA,NA,NA,0,NA,0,NA,1,NA,0,-1,NA,0,NA,0,NA,0,1,NA,NA,-1,NA
"198","3113661991              ",1,5,9,8,1,-1,0,0,NA,NA,NA,NA,NA,0,1,NA,NA,NA,NA,NA,0,0,0,-1,NA,-1,NA,NA,0,0,1,NA,NA,0,NA,NA,-1,1,0,NA,0,0,NA,NA,NA,-1,NA,1,NA,0,NA,0,0,NA,1,NA,-1,NA,0,0,NA,NA,0,NA
"199","1533575946              ",2,9,11,4,-1,1,0,0,NA,NA,NA,NA,NA,0,-1,NA,NA,NA,NA,NA,0,0,0,1,NA,1,NA,NA,-1,0,0,NA,NA,0,NA,NA,0,1,0,NA,0,-1,NA,NA,NA,1,NA,0,NA,0,NA,-1,0,NA,-1,NA,0,NA,0,0,NA,NA,1,NA
"200","2144572322              ",2,2,3,7,-1,0,0,1,NA,NA,NA,NA,NA,0,-1,NA,NA,NA,NA,NA,1,0,0,0,NA,0,NA,NA,0,-1,1,NA,NA,0,NA,NA,0,0,0,NA,1,-1,NA,NA,NA,0,NA,1,NA,-1,NA,0,0,NA,-1,NA,0,NA,0,0,NA,NA,1,NA
"201","3566258747              ",2,6,9,7,0,0,-1,0,NA,NA,NA,NA,NA,1,0,NA,NA,NA,NA,NA,0,0,-1,1,NA,0,NA,NA,0,-1,0,NA,NA,1,NA,NA,0,0,0,NA,1,-1,NA,NA,NA,0,NA,1,NA,0,NA,0,-1,NA,1,NA,0,NA,0,0,NA,NA,-1,NA
"202","4258714293              ",2,7,3,7,0,0,-1,0,NA,NA,NA,NA,NA,1,0,NA,NA,NA,NA,NA,1,0,-1,0,NA,0,NA,NA,-1,0,1,NA,NA,0,NA,NA,0,-1,0,NA,1,0,NA,NA,NA,0,NA,0,NA,1,NA,0,-1,NA,0,NA,0,NA,0,1,NA,NA,-1,NA
"203","3523565131              ",1,9,9,8,1,-1,0,0,NA,NA,NA,NA,NA,0,1,NA,NA,NA,NA,NA,0,-1,0,0,NA,-1,NA,NA,0,0,0,NA,NA,1,NA,NA,0,0,0,NA,1,-1,NA,NA,NA,-1,NA,0,NA,1,NA,0,0,NA,1,NA,0,NA,0,0,NA,NA,-1,NA
"204","3133478894              ",2,5,5,7,1,0,-1,0,NA,NA,NA,NA,NA,0,1,NA,NA,NA,NA,NA,0,0,-1,0,NA,0,NA,NA,0,-1,1,NA,NA,0,NA,NA,0,0,-1,NA,0,1,NA,NA,NA,0,NA,0,NA,0,NA,1,-1,NA,1,NA,0,NA,0,0,NA,NA,-1,NA
"205","6661658383              ",1,5,4,3,0,0,-1,1,NA,NA,NA,NA,NA,0,0,NA,NA,NA,NA,NA,1,-1,0,0,NA,0,NA,NA,-1,0,1,NA,NA,0,NA,NA,0,1,0,NA,0,-1,NA,NA,NA,0,NA,1,NA,0,NA,-1,0,NA,0,NA,0,NA,-1,0,NA,NA,1,NA
"206","3345942152              ",2,7,10,6,0,0,-1,0,NA,NA,NA,NA,NA,1,0,NA,NA,NA,NA,NA,0,0,-1,1,NA,1,NA,NA,-1,0,0,NA,NA,0,NA,NA,0,0,1,NA,-1,0,NA,NA,NA,0,NA,1,NA,0,NA,0,-1,NA,1,NA,0,NA,0,0,NA,NA,-1,NA
"207","2496122341              ",2,2,4,4,1,0,-1,0,NA,NA,NA,NA,NA,0,1,NA,NA,NA,NA,NA,0,-1,0,0,NA,0,NA,NA,-1,0,1,NA,NA,0,NA,NA,0,1,0,NA,0,-1,NA,NA,NA,0,NA,1,NA,0,NA,-1,0,NA,1,NA,0,NA,-1,0,NA,NA,0,NA
"208","9366621519              ",1,6,15,8,0,-1,0,0,NA,NA,NA,NA,NA,1,0,NA,NA,NA,NA,NA,0,0,-1,1,NA,-1,NA,NA,0,0,0,NA,NA,1,NA,NA,-1,1,0,NA,0,0,NA,NA,NA,-1,NA,1,NA,0,NA,0,0,NA,0,NA,-1,NA,0,1,NA,NA,0,NA
"209","4765987715              ",1,5,2,4,0,0,-1,1,NA,NA,NA,NA,NA,0,0,NA,NA,NA,NA,NA,-1,0,0,1,NA,0,NA,NA,1,0,-1,NA,NA,0,NA,NA,-1,1,0,NA,0,0,NA,NA,NA,-1,NA,1,NA,0,NA,0,0,NA,0,NA,-1,NA,1,0,NA,NA,0,NA
"210","6234147966              ",2,8,3,5,1,0,-1,0,NA,NA,NA,NA,NA,0,1,NA,NA,NA,NA,NA,0,0,-1,0,NA,0,NA,NA,0,-1,0,NA,NA,1,NA,NA,-1,1,0,NA,0,0,NA,NA,NA,0,NA,1,NA,0,NA,0,-1,NA,1,NA,-1,NA,0,0,NA,NA,0,NA
"211","3685385524              ",1,6,2,5,1,0,0,-1,NA,NA,NA,NA,NA,0,1,NA,NA,NA,NA,NA,0,0,-1,0,NA,-1,NA,NA,1,0,0,NA,NA,0,NA,NA,0,0,1,NA,0,-1,NA,NA,NA,1,NA,0,NA,0,NA,-1,0,NA,1,NA,0,NA,0,0,NA,NA,-1,NA
"212","4146577588              ",1,10,7,2,0,0,-1,1,NA,NA,NA,NA,NA,0,-1,NA,NA,NA,NA,NA,0,0,1,0,NA,1,NA,NA,-1,0,0,NA,NA,0,NA,NA,-1,1,0,NA,0,0,NA,NA,NA,0,NA,1,NA,-1,NA,0,0,NA,0,NA,-1,NA,0,0,NA,NA,1,NA
"213","1835325182              ",2,10,15,4,-1,0,0,1,NA,NA,NA,NA,NA,0,-1,NA,NA,NA,NA,NA,0,0,1,0,NA,0,NA,NA,-1,0,0,NA,NA,1,NA,NA,0,1,-1,NA,0,0,NA,NA,NA,0,NA,1,NA,0,NA,-1,0,NA,-1,NA,0,NA,0,0,NA,NA,1,NA
"214","5278157779              ",1,4,1,7,0,0,0,1,NA,NA,NA,NA,NA,-1,0,NA,NA,NA,NA,NA,1,0,0,-1,NA,0,NA,NA,0,0,1,NA,NA,-1,NA,NA,-1,1,0,NA,0,0,NA,NA,NA,0,NA,1,NA,0,NA,0,-1,NA,0,NA,0,NA,1,0,NA,NA,-1,NA
"215","7178674687              ",1,9,2,6,0,0,-1,1,NA,NA,NA,NA,NA,0,1,NA,NA,NA,NA,NA,0,0,-1,0,NA,-1,NA,NA,0,0,1,NA,NA,0,NA,NA,-1,1,0,NA,0,0,NA,NA,NA,0,NA,1,NA,0,NA,0,-1,NA,1,NA,0,NA,0,0,NA,NA,-1,NA
"216","3163694627              ",2,4,3,5,0,0,-1,0,NA,NA,NA,NA,NA,1,0,NA,NA,NA,NA,NA,0,-1,0,1,NA,0,NA,NA,0,-1,0,NA,NA,1,NA,NA,0,1,0,NA,0,-1,NA,NA,NA,0,NA,1,NA,-1,NA,0,0,NA,1,NA,0,NA,0,-1,NA,NA,0,NA
"217","8139183856              ",1,9,3,5,1,0,-1,0,NA,NA,NA,NA,NA,0,0,NA,NA,NA,NA,NA,0,1,-1,0,NA,1,NA,NA,0,0,0,NA,NA,-1,NA,NA,-1,0,0,NA,1,0,NA,NA,NA,0,NA,0,NA,-1,NA,1,0,NA,1,NA,0,NA,0,0,NA,NA,-1,NA
"218","5994675585              ",2,9,3,6,0,1,-1,0,NA,NA,NA,NA,NA,0,0,NA,NA,NA,NA,NA,0,-1,0,1,NA,1,NA,NA,0,-1,0,NA,NA,0,NA,NA,0,1,-1,NA,0,0,NA,NA,NA,1,NA,0,NA,-1,NA,0,0,NA,0,NA,-1,NA,0,0,NA,NA,1,NA
"219","6642182639              ",2,9,3,6,-1,0,0,0,NA,NA,NA,NA,NA,1,-1,NA,NA,NA,NA,NA,0,0,0,1,NA,0,NA,NA,0,0,-1,NA,NA,1,NA,NA,-1,1,0,NA,0,0,NA,NA,NA,1,NA,0,NA,0,NA,-1,0,NA,1,NA,0,NA,0,0,NA,NA,-1,NA
"220","7187736442              ",2,6,1,7,-1,0,0,0,NA,NA,NA,NA,NA,1,-1,NA,NA,NA,NA,NA,0,0,0,1,NA,0,NA,NA,-1,0,0,NA,NA,1,NA,NA,0,1,0,NA,0,-1,NA,NA,NA,0,NA,0,NA,1,NA,-1,0,NA,0,NA,0,NA,-1,1,NA,NA,0,NA
"221","8659678167              ",2,7,6,5,0,0,-1,0,NA,NA,NA,NA,NA,1,0,NA,NA,NA,NA,NA,0,1,-1,0,NA,-1,NA,NA,0,0,1,NA,NA,0,NA,NA,0,-1,0,NA,0,1,NA,NA,NA,0,NA,0,NA,0,NA,1,-1,NA,1,NA,0,NA,0,0,NA,NA,-1,NA
"222","8795648123              ",2,9,7,2,0,0,-1,1,NA,NA,NA,NA,NA,0,0,NA,NA,NA,NA,NA,-1,0,1,0,NA,1,NA,NA,-1,0,0,NA,NA,0,NA,NA,0,1,-1,NA,0,0,NA,NA,NA,0,NA,1,NA,-1,NA,0,0,NA,0,NA,0,NA,-1,0,NA,NA,1,NA
"223","2286474582              ",2,5,4,6,-1,0,0,1,NA,NA,NA,NA,NA,0,0,NA,NA,NA,NA,NA,0,-1,1,0,NA,0,NA,NA,-1,1,0,NA,NA,0,NA,NA,0,0,0,NA,1,-1,NA,NA,NA,0,NA,0,NA,1,NA,-1,0,NA,0,NA,0,NA,-1,1,NA,NA,0,NA
"224","7757827346              ",1,6,1,6,0,0,0,1,NA,NA,NA,NA,NA,-1,1,NA,NA,NA,NA,NA,0,0,-1,0,NA,0,NA,NA,0,1,0,NA,NA,-1,NA,NA,0,1,0,NA,0,-1,NA,NA,NA,0,NA,1,NA,0,NA,0,-1,NA,0,NA,0,NA,0,1,NA,NA,-1,NA
"225","7412215611              ",1,2,6,1,-1,0,0,1,NA,NA,NA,NA,NA,0,-1,NA,NA,NA,NA,NA,0,0,0,1,NA,0,NA,NA,0,-1,0,NA,NA,1,NA,NA,0,1,0,NA,0,-1,NA,NA,NA,0,NA,1,NA,0,NA,0,-1,NA,-1,NA,0,NA,1,0,NA,NA,0,NA
"226","2123398582              ",1,7,6,4,0,-1,0,0,NA,NA,NA,NA,NA,1,0,NA,NA,NA,NA,NA,0,-1,0,1,NA,-1,NA,NA,1,0,0,NA,NA,0,NA,NA,0,1,0,NA,0,-1,NA,NA,NA,-1,NA,1,NA,0,NA,0,0,NA,0,NA,-1,NA,0,0,NA,NA,1,NA
"227","6671914877              ",1,9,2,4,0,-1,0,1,NA,NA,NA,NA,NA,0,-1,NA,NA,NA,NA,NA,0,0,0,1,NA,-1,NA,NA,0,0,0,NA,NA,1,NA,NA,0,1,0,NA,-1,0,NA,NA,NA,-1,NA,1,NA,0,NA,0,0,NA,-1,NA,1,NA,0,0,NA,NA,0,NA
"228","1564692622              ",1,8,8,5,1,0,0,0,NA,NA,NA,NA,NA,-1,1,NA,NA,NA,NA,NA,0,0,0,-1,NA,1,NA,NA,0,0,0,NA,NA,-1,NA,NA,-1,0,0,NA,0,1,NA,NA,NA,0,NA,-1,NA,0,NA,1,0,NA,1,NA,-1,NA,0,0,NA,NA,0,NA
"229","6789128283              ",2,6,1,4,0,0,0,1,NA,NA,NA,NA,NA,-1,0,NA,NA,NA,NA,NA,1,-1,0,0,NA,0,NA,NA,0,1,0,NA,NA,-1,NA,NA,0,0,0,NA,1,-1,NA,NA,NA,0,NA,0,NA,1,NA,-1,0,NA,0,NA,-1,NA,0,1,NA,NA,0,NA
"230","1884993736              ",2,7,9,5,0,1,0,0,NA,NA,NA,NA,NA,-1,0,NA,NA,NA,NA,NA,0,1,0,-1,NA,1,NA,NA,0,0,0,NA,NA,-1,NA,NA,0,0,-1,NA,0,1,NA,NA,NA,0,NA,0,NA,-1,NA,1,0,NA,1,NA,0,NA,0,-1,NA,NA,0,NA
"231","2843214666              ",2,4,6,6,0,0,0,-1,NA,NA,NA,NA,NA,1,0,NA,NA,NA,NA,NA,1,0,-1,0,NA,0,NA,NA,0,-1,1,NA,NA,0,NA,NA,0,-1,0,NA,1,0,NA,NA,NA,1,NA,0,NA,-1,NA,0,0,NA,0,NA,0,NA,0,-1,NA,NA,1,NA
"232","1157196216              ",1,7,4,6,-1,0,0,0,NA,NA,NA,NA,NA,1,-1,NA,NA,NA,NA,NA,0,1,0,0,NA,-1,NA,NA,0,0,1,NA,NA,0,NA,NA,0,-1,0,NA,0,1,NA,NA,NA,0,NA,-1,NA,0,NA,1,0,NA,-1,NA,0,NA,0,1,NA,NA,0,NA
"233","6718143715              ",1,9,9,6,-1,0,0,1,NA,NA,NA,NA,NA,0,0,NA,NA,NA,NA,NA,1,-1,0,0,NA,0,NA,NA,0,-1,1,NA,NA,0,NA,NA,0,0,0,NA,1,-1,NA,NA,NA,0,NA,1,NA,0,NA,-1,0,NA,-1,NA,0,NA,1,0,NA,NA,0,NA
"234","6748286747              ",2,5,3,3,-1,0,0,0,NA,NA,NA,NA,NA,1,-1,NA,NA,NA,NA,NA,0,0,0,1,NA,1,NA,NA,0,-1,0,NA,NA,0,NA,NA,0,1,-1,NA,0,0,NA,NA,NA,1,NA,0,NA,-1,NA,0,0,NA,0,NA,1,NA,0,-1,NA,NA,0,NA
"235","1145887988              ",2,7,3,5,1,0,-1,0,NA,NA,NA,NA,NA,0,1,NA,NA,NA,NA,NA,0,-1,0,0,NA,0,NA,NA,-1,1,0,NA,NA,0,NA,NA,0,0,-1,NA,1,0,NA,NA,NA,0,NA,0,NA,1,NA,-1,0,NA,1,NA,0,NA,-1,0,NA,NA,0,NA
"236","4221853949              ",1,3,6,5,0,-1,0,1,NA,NA,NA,NA,NA,0,0,NA,NA,NA,NA,NA,1,0,-1,0,NA,-1,NA,NA,0,0,1,NA,NA,0,NA,NA,0,1,-1,NA,0,0,NA,NA,NA,-1,NA,1,NA,0,NA,0,0,NA,1,NA,0,NA,0,0,NA,NA,-1,NA
"237","8629654414              ",2,5,10,2,0,0,-1,0,NA,NA,NA,NA,NA,1,1,NA,NA,NA,NA,NA,0,0,-1,0,NA,1,NA,NA,-1,0,0,NA,NA,0,NA,NA,0,0,-1,NA,1,0,NA,NA,NA,1,NA,0,NA,0,NA,0,-1,NA,1,NA,0,NA,-1,0,NA,NA,0,NA
"238","8343873562              ",2,6,1,6,1,0,-1,0,NA,NA,NA,NA,NA,0,0,NA,NA,NA,NA,NA,0,0,-1,1,NA,0,NA,NA,0,-1,1,NA,NA,0,NA,NA,0,0,-1,NA,1,0,NA,NA,NA,0,NA,0,NA,-1,NA,1,0,NA,1,NA,0,NA,0,-1,NA,NA,0,NA
"239","5767742626              ",1,9,5,9,0,0,-1,1,NA,NA,NA,NA,NA,0,1,NA,NA,NA,NA,NA,0,0,-1,0,NA,0,NA,NA,-1,1,0,NA,NA,0,NA,NA,0,1,-1,NA,0,0,NA,NA,NA,0,NA,1,NA,0,NA,0,-1,NA,1,NA,0,NA,0,0,NA,NA,-1,NA
"240","6854383242              ",1,4,5,3,-1,1,0,0,NA,NA,NA,NA,NA,0,-1,NA,NA,NA,NA,NA,0,1,0,0,NA,1,NA,NA,0,0,0,NA,NA,-1,NA,NA,0,0,0,NA,-1,1,NA,NA,NA,1,NA,0,NA,0,NA,0,-1,NA,-1,NA,0,NA,0,1,NA,NA,0,NA
"241","3323245446              ",1,6,6,8,0,0,-1,1,NA,NA,NA,NA,NA,0,0,NA,NA,NA,NA,NA,-1,1,0,0,NA,0,NA,NA,0,1,-1,NA,NA,0,NA,NA,-1,1,0,NA,0,0,NA,NA,NA,0,NA,0,NA,0,NA,1,-1,NA,0,NA,-1,NA,0,1,NA,NA,0,NA
"242","1652884653              ",2,2,1,7,0,1,0,0,NA,NA,NA,NA,NA,-1,0,NA,NA,NA,NA,NA,1,-1,0,0,NA,0,NA,NA,0,-1,1,NA,NA,0,NA,NA,0,1,-1,NA,0,0,NA,NA,NA,0,NA,1,NA,0,NA,-1,0,NA,1,NA,0,NA,-1,0,NA,NA,0,NA
"243","2344371915              ",1,4,5,5,1,0,0,-1,NA,NA,NA,NA,NA,0,0,NA,NA,NA,NA,NA,1,-1,0,0,NA,0,NA,NA,0,-1,1,NA,NA,0,NA,NA,0,0,0,NA,1,-1,NA,NA,NA,0,NA,1,NA,0,NA,-1,0,NA,1,NA,0,NA,0,-1,NA,NA,0,NA
"244","2873586171              ",2,8,6,1,-1,0,0,0,NA,NA,NA,NA,NA,1,-1,NA,NA,NA,NA,NA,0,0,0,1,NA,0,NA,NA,0,0,-1,NA,NA,1,NA,NA,0,1,0,NA,-1,0,NA,NA,NA,0,NA,1,NA,0,NA,-1,0,NA,0,NA,0,NA,-1,0,NA,NA,1,NA
"245","8332431283              ",1,7,5,5,-1,0,0,0,NA,NA,NA,NA,NA,1,-1,NA,NA,NA,NA,NA,0,0,0,1,NA,0,NA,NA,0,-1,0,NA,NA,1,NA,NA,0,1,0,NA,0,-1,NA,NA,NA,0,NA,1,NA,0,NA,0,-1,NA,-1,NA,0,NA,1,0,NA,NA,0,NA
"246","9797246358              ",2,6,1,5,0,0,-1,1,NA,NA,NA,NA,NA,0,0,NA,NA,NA,NA,NA,1,-1,0,0,NA,0,NA,NA,-1,0,1,NA,NA,0,NA,NA,0,0,-1,NA,1,0,NA,NA,NA,1,NA,0,NA,-1,NA,0,0,NA,1,NA,0,NA,0,-1,NA,NA,0,NA
"247","3984945782              ",1,7,15,5,1,-1,0,0,NA,NA,NA,NA,NA,0,1,NA,NA,NA,NA,NA,0,0,-1,0,NA,-1,NA,NA,0,0,1,NA,NA,0,NA,NA,-1,0,0,NA,1,0,NA,NA,NA,-1,NA,0,NA,0,NA,1,0,NA,1,NA,0,NA,0,0,NA,NA,-1,NA
"248","9524245545              ",2,6,12,5,-1,0,0,1,NA,NA,NA,NA,NA,0,-1,NA,NA,NA,NA,NA,0,0,0,1,NA,-1,NA,NA,0,0,0,NA,NA,1,NA,NA,0,1,-1,NA,0,0,NA,NA,NA,0,NA,1,NA,-1,NA,0,0,NA,0,NA,0,NA,-1,0,NA,NA,1,NA
"249","4828622485              ",1,5,5,5,0,-1,0,1,NA,NA,NA,NA,NA,0,-1,NA,NA,NA,NA,NA,0,0,1,0,NA,0,NA,NA,0,-1,1,NA,NA,0,NA,NA,0,0,-1,NA,1,0,NA,NA,NA,0,NA,0,NA,-1,NA,0,1,NA,0,NA,0,NA,0,-1,NA,NA,1,NA
"250","3726984923              ",1,6,5,6,1,0,-1,0,NA,NA,NA,NA,NA,0,0,NA,NA,NA,NA,NA,0,1,-1,0,NA,0,NA,NA,1,-1,0,NA,NA,0,NA,NA,-1,0,0,NA,0,1,NA,NA,NA,0,NA,0,NA,-1,NA,1,0,NA,1,NA,-1,NA,0,0,NA,NA,0,NA
"251","4638913231              ",1,10,10,3,1,0,-1,0,NA,NA,NA,NA,NA,0,1,NA,NA,NA,NA,NA,0,0,-1,0,NA,0,NA,NA,0,-1,1,NA,NA,0,NA,NA,-1,0,0,NA,0,1,NA,NA,NA,0,NA,0,NA,0,NA,1,-1,NA,1,NA,0,NA,0,0,NA,NA,-1,NA
"252","7374272948              ",1,6,5,2,0,0,0,1,NA,NA,NA,NA,NA,-1,0,NA,NA,NA,NA,NA,1,-1,0,0,NA,0,NA,NA,0,-1,1,NA,NA,0,NA,NA,0,0,0,NA,1,-1,NA,NA,NA,0,NA,1,NA,0,NA,-1,0,NA,0,NA,0,NA,0,-1,NA,NA,1,NA
"253","6857913476              ",1,10,6,3,0,0,-1,1,NA,NA,NA,NA,NA,0,1,NA,NA,NA,NA,NA,-1,0,0,0,NA,0,NA,NA,1,0,-1,NA,NA,0,NA,NA,-1,1,0,NA,0,0,NA,NA,NA,1,NA,0,NA,-1,NA,0,0,NA,0,NA,-1,NA,1,0,NA,NA,0,NA
"254","9127712591              ",1,9,3,5,0,0,-1,0,NA,NA,NA,NA,NA,1,1,NA,NA,NA,NA,NA,0,-1,0,0,NA,0,NA,NA,-1,1,0,NA,NA,0,NA,NA,1,0,0,NA,0,-1,NA,NA,NA,0,NA,0,NA,1,NA,-1,0,NA,-1,NA,0,NA,0,1,NA,NA,0,NA
"255","9665316194              ",1,7,3,7,0,0,0,-1,NA,NA,NA,NA,NA,1,0,NA,NA,NA,NA,NA,1,0,-1,0,NA,0,NA,NA,-1,0,1,NA,NA,0,NA,NA,1,0,-1,NA,0,0,NA,NA,NA,1,NA,0,NA,0,NA,-1,0,NA,1,NA,0,NA,0,0,NA,NA,-1,NA
"256","4794929625              ",1,6,2,6,0,1,-1,0,NA,NA,NA,NA,NA,0,0,NA,NA,NA,NA,NA,0,-1,1,0,NA,0,NA,NA,-1,0,0,NA,NA,1,NA,NA,-1,1,0,NA,0,0,NA,NA,NA,0,NA,0,NA,-1,NA,0,1,NA,0,NA,-1,NA,0,0,NA,NA,1,NA
"257","5872828747              ",1,3,3,3,1,0,0,0,NA,NA,NA,NA,NA,-1,1,NA,NA,NA,NA,NA,0,0,0,-1,NA,0,NA,NA,0,0,1,NA,NA,-1,NA,NA,-1,1,0,NA,0,0,NA,NA,NA,0,NA,1,NA,-1,NA,0,0,NA,1,NA,0,NA,0,-1,NA,NA,0,NA
"258","5916718856              ",1,8,1,6,0,0,-1,1,NA,NA,NA,NA,NA,0,0,NA,NA,NA,NA,NA,0,0,-1,1,NA,0,NA,NA,1,-1,0,NA,NA,0,NA,NA,-1,1,0,NA,0,0,NA,NA,NA,0,NA,1,NA,0,NA,0,-1,NA,1,NA,0,NA,0,0,NA,NA,-1,NA
"259","1128637539              ",1,6,12,3,-1,0,0,1,NA,NA,NA,NA,NA,0,-1,NA,NA,NA,NA,NA,1,0,0,0,NA,0,NA,NA,0,0,1,NA,NA,-1,NA,NA,-1,1,0,NA,0,0,NA,NA,NA,0,NA,0,NA,1,NA,-1,0,NA,-1,NA,0,NA,0,1,NA,NA,0,NA
"260","7823329598              ",1,4,8,2,0,1,0,-1,NA,NA,NA,NA,NA,0,0,NA,NA,NA,NA,NA,1,0,-1,0,NA,1,NA,NA,0,-1,0,NA,NA,0,NA,NA,0,-1,0,NA,1,0,NA,NA,NA,1,NA,-1,NA,0,NA,0,0,NA,0,NA,1,NA,0,0,NA,NA,-1,NA
"261","4657411685              ",2,10,6,3,0,0,0,1,NA,NA,NA,NA,NA,-1,1,NA,NA,NA,NA,NA,0,-1,0,0,NA,0,NA,NA,-1,1,0,NA,NA,0,NA,NA,0,1,-1,NA,0,0,NA,NA,NA,0,NA,1,NA,0,NA,-1,0,NA,1,NA,0,NA,-1,0,NA,NA,0,NA
"262","1385528814              ",2,6,15,5,1,-1,0,0,NA,NA,NA,NA,NA,0,1,NA,NA,NA,NA,NA,0,0,-1,0,NA,0,NA,NA,0,-1,1,NA,NA,0,NA,NA,-1,1,0,NA,0,0,NA,NA,NA,-1,NA,1,NA,0,NA,0,0,NA,1,NA,0,NA,0,-1,NA,NA,0,NA
"263","1548245329              ",1,8,6,5,0,1,-1,0,NA,NA,NA,NA,NA,0,-1,NA,NA,NA,NA,NA,0,0,0,1,NA,0,NA,NA,-1,0,0,NA,NA,1,NA,NA,0,1,-1,NA,0,0,NA,NA,NA,0,NA,1,NA,-1,NA,0,0,NA,0,NA,0,NA,-1,0,NA,NA,1,NA
"264","8374266567              ",1,5,1,8,-1,0,0,1,NA,NA,NA,NA,NA,0,-1,NA,NA,NA,NA,NA,1,0,0,0,NA,-1,NA,NA,0,0,1,NA,NA,0,NA,NA,-1,1,0,NA,0,0,NA,NA,NA,0,NA,1,NA,0,NA,0,-1,NA,1,NA,0,NA,0,0,NA,NA,-1,NA
"265","2875768771              ",1,5,5,6,0,0,-1,1,NA,NA,NA,NA,NA,0,0,NA,NA,NA,NA,NA,1,-1,0,0,NA,0,NA,NA,0,0,1,NA,NA,-1,NA,NA,0,1,0,NA,0,-1,NA,NA,NA,0,NA,1,NA,0,NA,-1,0,NA,1,NA,-1,NA,0,0,NA,NA,0,NA
"266","4959815485              ",1,9,5,5,0,0,-1,1,NA,NA,NA,NA,NA,0,0,NA,NA,NA,NA,NA,-1,0,0,1,NA,0,NA,NA,0,1,0,NA,NA,-1,NA,NA,-1,1,0,NA,0,0,NA,NA,NA,0,NA,0,NA,1,NA,0,-1,NA,0,NA,-1,NA,0,1,NA,NA,0,NA
"267","4241244483              ",1,3,1,5,0,-1,1,0,NA,NA,NA,NA,NA,0,-1,NA,NA,NA,NA,NA,0,0,0,1,NA,0,NA,NA,-1,1,0,NA,NA,0,NA,NA,1,0,-1,NA,0,0,NA,NA,NA,0,NA,0,NA,1,NA,-1,0,NA,0,NA,1,NA,-1,0,NA,NA,0,NA
"268","2845318915              ",1,7,3,7,1,-1,0,0,NA,NA,NA,NA,NA,0,1,NA,NA,NA,NA,NA,0,0,0,-1,NA,-1,NA,NA,0,0,1,NA,NA,0,NA,NA,0,1,-1,NA,0,0,NA,NA,NA,-1,NA,1,NA,0,NA,0,0,NA,1,NA,0,NA,0,-1,NA,NA,0,NA
"269","4992699135              ",1,9,1,8,0,-1,0,1,NA,NA,NA,NA,NA,0,1,NA,NA,NA,NA,NA,0,-1,0,0,NA,-1,NA,NA,1,0,0,NA,NA,0,NA,NA,0,0,1,NA,0,-1,NA,NA,NA,0,NA,1,NA,0,NA,-1,0,NA,1,NA,0,NA,0,-1,NA,NA,0,NA
"270","1666526718              ",1,6,1,6,1,0,-1,0,NA,NA,NA,NA,NA,0,1,NA,NA,NA,NA,NA,0,-1,0,0,NA,0,NA,NA,0,0,1,NA,NA,-1,NA,NA,0,1,0,NA,0,-1,NA,NA,NA,0,NA,1,NA,0,NA,-1,0,NA,1,NA,-1,NA,0,0,NA,NA,0,NA
"271","2479832822              ",1,9,1,7,1,0,0,-1,NA,NA,NA,NA,NA,0,1,NA,NA,NA,NA,NA,0,0,-1,0,NA,0,NA,NA,0,-1,1,NA,NA,0,NA,NA,0,-1,0,NA,1,0,NA,NA,NA,1,NA,0,NA,-1,NA,0,0,NA,1,NA,0,NA,0,0,NA,NA,-1,NA
"272","4472892736              ",1,5,1,5,0,0,-1,0,NA,NA,NA,NA,NA,1,-1,NA,NA,NA,NA,NA,0,1,0,0,NA,-1,NA,NA,0,1,0,NA,NA,0,NA,NA,-1,0,0,NA,0,1,NA,NA,NA,-1,NA,0,NA,0,NA,1,0,NA,0,NA,-1,NA,0,1,NA,NA,0,NA
"273","9371315544              ",1,3,3,6,0,0,-1,0,NA,NA,NA,NA,NA,1,0,NA,NA,NA,NA,NA,0,-1,0,1,NA,0,NA,NA,0,-1,0,NA,NA,1,NA,NA,0,1,0,NA,0,-1,NA,NA,NA,0,NA,1,NA,-1,NA,0,0,NA,1,NA,0,NA,0,-1,NA,NA,0,NA
"274","8729958711              ",1,10,9,2,0,0,0,-1,NA,NA,NA,NA,NA,1,0,NA,NA,NA,NA,NA,0,0,-1,1,NA,0,NA,NA,0,-1,1,NA,NA,0,NA,NA,0,-1,0,NA,1,0,NA,NA,NA,1,NA,0,NA,-1,NA,0,0,NA,1,NA,0,NA,0,-1,NA,NA,0,NA
"275","3838897262              ",1,5,1,6,0,-1,0,0,NA,NA,NA,NA,NA,1,-1,NA,NA,NA,NA,NA,0,0,0,1,NA,-1,NA,NA,0,0,0,NA,NA,1,NA,NA,-1,1,0,NA,0,0,NA,NA,NA,-1,NA,1,NA,0,NA,0,0,NA,0,NA,-1,NA,0,0,NA,NA,1,NA
"276","8559495749              ",1,4,4,2,-1,1,0,0,NA,NA,NA,NA,NA,0,0,NA,NA,NA,NA,NA,0,-1,0,1,NA,0,NA,NA,0,0,-1,NA,NA,1,NA,NA,1,0,0,NA,0,-1,NA,NA,NA,1,NA,0,NA,0,NA,-1,0,NA,-1,NA,1,NA,0,0,NA,NA,0,NA
"277","4142577887              ",1,4,6,4,0,1,0,0,NA,NA,NA,NA,NA,-1,0,NA,NA,NA,NA,NA,1,0,0,-1,NA,0,NA,NA,0,0,1,NA,NA,-1,NA,NA,0,0,0,NA,1,-1,NA,NA,NA,1,NA,0,NA,0,NA,-1,0,NA,0,NA,-1,NA,0,1,NA,NA,0,NA
"278","9274995215              ",1,7,1,7,1,0,-1,0,NA,NA,NA,NA,NA,0,1,NA,NA,NA,NA,NA,0,-1,0,0,NA,0,NA,NA,-1,0,1,NA,NA,0,NA,NA,0,0,0,NA,1,-1,NA,NA,NA,0,NA,0,NA,-1,NA,1,0,NA,1,NA,0,NA,-1,0,NA,NA,0,NA
"279","5161778319              ",1,7,1,5,-1,0,0,0,NA,NA,NA,NA,NA,1,-1,NA,NA,NA,NA,NA,0,0,0,1,NA,0,NA,NA,0,-1,0,NA,NA,1,NA,NA,0,1,0,NA,0,-1,NA,NA,NA,1,NA,0,NA,0,NA,-1,0,NA,-1,NA,1,NA,0,0,NA,NA,0,NA
"280","4158627531              ",1,3,12,7,0,0,-1,0,NA,NA,NA,NA,NA,1,-1,NA,NA,NA,NA,NA,0,0,0,1,NA,0,NA,NA,0,-1,0,NA,NA,1,NA,NA,-1,0,1,NA,0,0,NA,NA,NA,0,NA,1,NA,-1,NA,0,0,NA,0,NA,0,NA,1,-1,NA,NA,0,NA
"281","5986471173              ",1,6,3,6,0,0,-1,0,NA,NA,NA,NA,NA,1,0,NA,NA,NA,NA,NA,0,-1,0,1,NA,0,NA,NA,-1,0,0,NA,NA,1,NA,NA,0,-1,0,NA,1,0,NA,NA,NA,0,NA,1,NA,0,NA,-1,0,NA,0,NA,-1,NA,0,1,NA,NA,0,NA
"282","3261871846              ",1,5,10,5,0,-1,0,1,NA,NA,NA,NA,NA,0,1,NA,NA,NA,NA,NA,0,0,-1,0,NA,0,NA,NA,0,0,1,NA,NA,-1,NA,NA,-1,0,1,NA,0,0,NA,NA,NA,-1,NA,1,NA,0,NA,0,0,NA,0,NA,0,NA,0,1,NA,NA,-1,NA
"283","3278329965              ",1,10,4,2,0,0,-1,1,NA,NA,NA,NA,NA,0,-1,NA,NA,NA,NA,NA,1,0,0,0,NA,0,NA,NA,0,-1,1,NA,NA,0,NA,NA,-1,0,0,NA,1,0,NA,NA,NA,0,NA,1,NA,0,NA,0,-1,NA,-1,NA,0,NA,0,0,NA,NA,1,NA
"284","6235693912              ",1,5,1,9,1,-1,0,0,NA,NA,NA,NA,NA,0,1,NA,NA,NA,NA,NA,0,-1,0,0,NA,0,NA,NA,0,-1,1,NA,NA,0,NA,NA,-1,0,0,NA,1,0,NA,NA,NA,0,NA,1,NA,-1,NA,0,0,NA,1,NA,-1,NA,0,0,NA,NA,0,NA
"285","4861263979              ",1,9,6,3,-1,0,1,0,NA,NA,NA,NA,NA,0,0,NA,NA,NA,NA,NA,1,-1,0,0,NA,0,NA,NA,1,-1,0,NA,NA,0,NA,NA,1,0,0,NA,0,-1,NA,NA,NA,0,NA,0,NA,0,NA,-1,1,NA,0,NA,1,NA,0,-1,NA,NA,0,NA
"286","9379333826              ",1,8,7,2,0,0,1,-1,NA,NA,NA,NA,NA,0,0,NA,NA,NA,NA,NA,1,0,-1,0,NA,0,NA,NA,-1,0,1,NA,NA,0,NA,NA,0,-1,0,NA,1,0,NA,NA,NA,1,NA,-1,NA,0,NA,0,0,NA,0,NA,0,NA,0,1,NA,NA,-1,NA
"287","8128716858              ",1,8,6,3,0,1,-1,0,NA,NA,NA,NA,NA,0,-1,NA,NA,NA,NA,NA,1,0,0,0,NA,0,NA,NA,0,-1,1,NA,NA,0,NA,NA,0,0,-1,NA,1,0,NA,NA,NA,1,NA,0,NA,-1,NA,0,0,NA,0,NA,0,NA,-1,0,NA,NA,1,NA
"288","2966234434              ",1,6,3,9,1,0,-1,0,NA,NA,NA,NA,NA,0,1,NA,NA,NA,NA,NA,0,-1,0,0,NA,0,NA,NA,0,-1,1,NA,NA,0,NA,NA,0,0,0,NA,1,-1,NA,NA,NA,0,NA,1,NA,-1,NA,0,0,NA,1,NA,0,NA,0,-1,NA,NA,0,NA
"289","8456443771              ",1,9,4,2,0,0,-1,1,NA,NA,NA,NA,NA,0,0,NA,NA,NA,NA,NA,0,0,-1,1,NA,0,NA,NA,-1,0,0,NA,NA,1,NA,NA,0,0,-1,NA,0,1,NA,NA,NA,0,NA,0,NA,0,NA,1,-1,NA,0,NA,0,NA,-1,1,NA,NA,0,NA
"290","2626973414              ",1,7,1,5,1,0,0,0,NA,NA,NA,NA,NA,-1,0,NA,NA,NA,NA,NA,1,0,-1,0,NA,0,NA,NA,0,0,1,NA,NA,-1,NA,NA,-1,0,0,NA,1,0,NA,NA,NA,1,NA,0,NA,0,NA,0,-1,NA,1,NA,0,NA,0,0,NA,NA,-1,NA
"291","3334469163              ",1,2,1,6,0,-1,0,1,NA,NA,NA,NA,NA,0,0,NA,NA,NA,NA,NA,1,0,-1,0,NA,-1,NA,NA,0,0,1,NA,NA,0,NA,NA,0,1,0,NA,0,-1,NA,NA,NA,0,NA,1,NA,0,NA,-1,0,NA,1,NA,0,NA,0,0,NA,NA,-1,NA
"292","6174265959              ",1,10,4,5,-1,1,0,0,NA,NA,NA,NA,NA,0,-1,NA,NA,NA,NA,NA,1,0,0,0,NA,0,NA,NA,0,0,1,NA,NA,-1,NA,NA,0,0,-1,NA,1,0,NA,NA,NA,1,NA,0,NA,0,NA,0,-1,NA,0,NA,0,NA,0,1,NA,NA,-1,NA
"293","3875297863              ",1,2,7,3,1,0,-1,0,NA,NA,NA,NA,NA,0,0,NA,NA,NA,NA,NA,1,0,0,-1,NA,0,NA,NA,0,0,1,NA,NA,-1,NA,NA,-1,0,0,NA,1,0,NA,NA,NA,1,NA,0,NA,-1,NA,0,0,NA,1,NA,-1,NA,0,0,NA,NA,0,NA
"294","3768686173              ",1,2,12,2,-1,0,0,1,NA,NA,NA,NA,NA,0,0,NA,NA,NA,NA,NA,1,0,-1,0,NA,1,NA,NA,-1,0,0,NA,NA,0,NA,NA,-1,1,0,NA,0,0,NA,NA,NA,1,NA,0,NA,0,NA,0,-1,NA,-1,NA,0,NA,0,1,NA,NA,0,NA
"295","4144656431              ",1,2,8,5,0,1,-1,0,NA,NA,NA,NA,NA,0,0,NA,NA,NA,NA,NA,-1,1,0,0,NA,1,NA,NA,0,-1,0,NA,NA,0,NA,NA,-1,0,0,NA,0,1,NA,NA,NA,0,NA,1,NA,-1,NA,0,0,NA,0,NA,0,NA,0,-1,NA,NA,1,NA
"296","7144493576              ",1,3,5,8,1,0,-1,0,NA,NA,NA,NA,NA,0,1,NA,NA,NA,NA,NA,0,-1,0,0,NA,-1,NA,NA,0,0,1,NA,NA,0,NA,NA,-1,0,0,NA,1,0,NA,NA,NA,0,NA,1,NA,0,NA,-1,0,NA,1,NA,-1,NA,0,0,NA,NA,0,NA
"297","3166245879              ",1,2,7,3,1,0,0,0,NA,NA,NA,NA,NA,-1,1,NA,NA,NA,NA,NA,0,0,0,-1,NA,0,NA,NA,0,0,1,NA,NA,-1,NA,NA,-1,0,0,NA,1,0,NA,NA,NA,0,NA,-1,NA,0,NA,0,1,NA,1,NA,-1,NA,0,0,NA,NA,0,NA
"298","6925257824              ",1,10,2,4,-1,1,0,0,NA,NA,NA,NA,NA,0,-1,NA,NA,NA,NA,NA,1,0,0,0,NA,0,NA,NA,0,-1,1,NA,NA,0,NA,NA,0,-1,0,NA,1,0,NA,NA,NA,0,NA,0,NA,0,NA,1,-1,NA,-1,NA,0,NA,1,0,NA,NA,0,NA
"299","7187117681              ",1,2,1,5,0,0,-1,0,NA,NA,NA,NA,NA,1,0,NA,NA,NA,NA,NA,1,0,-1,0,NA,0,NA,NA,-1,0,1,NA,NA,0,NA,NA,-1,0,0,NA,1,0,NA,NA,NA,0,NA,0,NA,0,NA,1,-1,NA,1,NA,-1,NA,0,0,NA,NA,0,NA
"300","6185469911              ",1,2,9,3,-1,0,0,1,NA,NA,NA,NA,NA,0,-1,NA,NA,NA,NA,NA,0,0,0,1,NA,1,NA,NA,0,-1,0,NA,NA,0,NA,NA,0,1,0,NA,0,-1,NA,NA,NA,0,NA,1,NA,0,NA,0,-1,NA,-1,NA,0,NA,1,0,NA,NA,0,NA
"301","6691474917              ",1,2,4,6,0,0,-1,0,NA,NA,NA,NA,NA,1,0,NA,NA,NA,NA,NA,0,-1,0,1,NA,-1,NA,NA,0,0,1,NA,NA,0,NA,NA,-1,0,0,NA,1,0,NA,NA,NA,-1,NA,1,NA,0,NA,0,0,NA,-1,NA,0,NA,0,0,NA,NA,1,NA
"302","2696983597              ",2,5,13,8,0,1,-1,0,NA,NA,NA,NA,NA,0,1,NA,NA,NA,NA,NA,0,0,-1,0,NA,1,NA,NA,0,-1,0,NA,NA,0,NA,NA,-1,1,0,NA,0,0,NA,NA,NA,1,NA,0,NA,0,NA,0,-1,NA,1,NA,0,NA,0,-1,NA,NA,0,NA
"303","2758284479              ",1,10,15,3,0,0,-1,1,NA,NA,NA,NA,NA,0,0,NA,NA,NA,NA,NA,-1,0,0,1,NA,0,NA,NA,0,-1,0,NA,NA,1,NA,NA,-1,0,0,NA,0,1,NA,NA,NA,0,NA,0,NA,-1,NA,1,0,NA,0,NA,-1,NA,0,0,NA,NA,1,NA
"304","7346518431              ",1,10,1,1,0,0,-1,0,NA,NA,NA,NA,NA,1,1,NA,NA,NA,NA,NA,-1,0,0,0,NA,0,NA,NA,0,0,-1,NA,NA,1,NA,NA,-1,0,0,NA,0,1,NA,NA,NA,0,NA,1,NA,-1,NA,0,0,NA,0,NA,-1,NA,0,0,NA,NA,1,NA
"305","1344724413              ",1,9,13,6,0,-1,0,1,NA,NA,NA,NA,NA,0,0,NA,NA,NA,NA,NA,1,0,-1,0,NA,-1,NA,NA,0,1,0,NA,NA,0,NA,NA,0,1,0,NA,0,-1,NA,NA,NA,-1,NA,1,NA,0,NA,0,0,NA,0,NA,0,NA,0,1,NA,NA,-1,NA
"306","5915973755              ",1,10,6,3,-1,0,1,0,NA,NA,NA,NA,NA,0,0,NA,NA,NA,NA,NA,0,-1,0,1,NA,0,NA,NA,1,-1,0,NA,NA,0,NA,NA,0,0,1,NA,0,-1,NA,NA,NA,1,NA,0,NA,0,NA,-1,0,NA,0,NA,0,NA,1,-1,NA,NA,0,NA
"307","9198121218              ",1,2,3,9,0,-1,0,1,NA,NA,NA,NA,NA,0,0,NA,NA,NA,NA,NA,1,0,-1,0,NA,0,NA,NA,0,-1,1,NA,NA,0,NA,NA,-1,1,0,NA,0,0,NA,NA,NA,0,NA,1,NA,0,NA,0,-1,NA,1,NA,0,NA,0,0,NA,NA,-1,NA
"308","9196511659              ",1,2,3,3,0,0,0,1,NA,NA,NA,NA,NA,-1,-1,NA,NA,NA,NA,NA,0,0,1,0,NA,0,NA,NA,0,-1,1,NA,NA,0,NA,NA,0,1,-1,NA,0,0,NA,NA,NA,0,NA,1,NA,-1,NA,0,0,NA,0,NA,0,NA,-1,0,NA,NA,1,NA
"309","1333137162              ",1,9,1,6,1,0,0,0,NA,NA,NA,NA,NA,-1,0,NA,NA,NA,NA,NA,1,0,0,-1,NA,0,NA,NA,0,0,1,NA,NA,-1,NA,NA,0,0,0,NA,1,-1,NA,NA,NA,0,NA,0,NA,1,NA,-1,0,NA,1,NA,-1,NA,0,0,NA,NA,0,NA
"310","9449592831              ",1,10,6,6,0,0,-1,0,NA,NA,NA,NA,NA,1,0,NA,NA,NA,NA,NA,0,-1,0,1,NA,0,NA,NA,-1,0,0,NA,NA,1,NA,NA,-1,0,0,NA,1,0,NA,NA,NA,0,NA,0,NA,1,NA,-1,0,NA,0,NA,-1,NA,0,1,NA,NA,0,NA
"311","3432459194              ",1,2,3,7,0,0,0,1,NA,NA,NA,NA,NA,-1,1,NA,NA,NA,NA,NA,0,0,0,-1,NA,0,NA,NA,1,0,0,NA,NA,-1,NA,NA,-1,1,0,NA,0,0,NA,NA,NA,0,NA,1,NA,-1,NA,0,0,NA,1,NA,0,NA,0,-1,NA,NA,0,NA
"312","2159149469              ",1,9,3,2,-1,0,0,0,NA,NA,NA,NA,NA,1,-1,NA,NA,NA,NA,NA,0,0,0,1,NA,0,NA,NA,0,-1,0,NA,NA,1,NA,NA,0,0,-1,NA,1,0,NA,NA,NA,0,NA,0,NA,-1,NA,0,1,NA,-1,NA,0,NA,0,0,NA,NA,1,NA
