sample,subsid,pid,name,id,completed,user_last_section,ip,date,time_in,time_out,user_browser,user_setid_dce1,user_language,user_combo,IMP_Order,DCE_pg1,DCE_least1,DCE_most1,DCE_pg2,DCE_least2,DCE_most2,DCE_pg3,DCE_least3,DCE_most3,DCE_pg4,DCE_least4,DCE_most4,DCE_pg5,DCE_least5,DCE_most5,DCE_pg6,DCE_least6,DCE_most6,DCE_pg7,DCE_least7,DCE_most7,DCE_pg8,DCE_least8,DCE_most8,DCE_pg9,DCE_least9,DCE_most9,DCE_pg10,DCE_least10,DCE_most10,DCEclick_1,DCEclick_2,DCEclick_3,DCEclick_4,DCEclick_5,DCEclick_6,DCEclick_7,DCEclick_8,DCEclick_9,DCEclick_10,ocean_days,rec_swim,rec_boat,rec_surf,rec_scuba,rec_powerboat,rec_recfish,rec_sightsee,rec_none,rec_other,rec_specify,jobs_comfish,jobs_aquaculture,jobs_firstnations,jobs_tourism,jobs_transport,jobs_port,jobs_govt,jobs_none,jobs_other,jobs_specify,seafood_eat,foodprovision_general,foodprovision_xx,aboriginalneeds_general,aboriginalneeds_xx,nonfood_general,nonfood_xx,carbonstorage_general,carbonstorage_xx,coastalprotection_general,coastalprotection_xx,coastallivelihood_general,coastallivelihood_xx,tourismrec_general,tourismrec_xx,icons_general,icons_xx,cleanwater_general,cleanwater_xx,biodiversity_general,biodiversity_xx,demoone_gender,demoone_education,demotwo_livedCanada,demotwo_fsa,envr_org,envr_protest,political_party,demothree_income,demothree_householdsize,demothree_age,comments
ON,410093672,,FRENCH10552,10552,,hco_intro.php,,04/03/2014,21:59:01,,Mozilla/5.0 (compatible; MSIE 9.0; Windows NT 6.1; WOW64; Trident/5.0),,FRENCH,1000,12345,,,,,,,,,,,,,,,,,,,,,,,,,,,,,,,,,,,,,,,,,,,,,,,,,,,,,,,,,,,,,,,,,,,,,,,,,,,,,,,,,,,,,,,,,,,,,
ON,410097329,,FRENCH10553,10553,,hco_intro.php,,04/03/2014,22:18:25,,Mozilla/5.0 (compatible; MSIE 9.0; Windows NT 6.1; WOW64; Trident/5.0),,FRENCH,1001,54321,,,,,,,,,,,,,,,,,,,,,,,,,,,,,,,,,,,,,,,,,,,,,,,,,,,,,,,,,,,,,,,,,,,,,,,,,,,,,,,,,,,,,,,,,,,,,
QC,410057654,,FRENCH10554,10554,y,hco_thankyou.php,,04/03/2014,22:27:27,22:34:47,Mozilla/5.0 (compatible; MSIE 9.0; Windows NT 6.0; Trident/5.0; BOIE9;FRCA),,FRENCH,1002,12345,9,7,4,2,1,8,3,3,8,7,7,9,10,7,4,5,6,5,8,3,8,6,7,8,1,3,5,4,1,4,,,,,,,,,,,none,,,,,,,,1,,,,,,,,,,1,,,7to11yr,5,,4,,5,,5,,5,,3,,3,,5,,5,,5,,female,HS,,G0W,dontknow,yes,noparty,1,1,55to64,
QC,410338436,,FRENCH10555,10555,y,hco_thankyou.php,,04/03/2014,22:34:27,22:41:42,Mozilla/5.0 (Windows NT 6.1; WOW64; Trident/7.0; rv:11.0) like Gecko,,FRENCH,1003,54321,4,2,4,5,2,9,2,2,9,1,7,5,8,3,9,3,3,5,10,7,4,9,2,9,6,2,8,7,7,9,,,,,,,,,,,10to29,,,,,,,,,1,Croisière,,,,,,,,1,,,7to11yr,5,,5,,3,,5,,5,,4,,4,,5,,5,,5,,male,HS,morethan20,J9X,no,no,dontknow,9,2,45to54,Protégez notre environnement bleu est très important aujourd'hui et pour les années à venir.
QC,410290469,,FRENCH10556,10556,y,hco_thankyou.php,,04/03/2014,22:38:05,22:48:08,"Mozilla/5.0 (Macintosh; Intel Mac OS X 10_7_5) AppleWebKit/537.74.9 (KHTML, like Gecko) Version/6.1.2 Safari/537.74.9",,FRENCH,1004,12345,5,6,9,4,6,4,6,7,8,8,6,9,2,1,9,10,7,4,9,3,9,1,3,10,7,7,9,3,3,10,,,,,,,,,,,lessthan5,,,,,1,1,,,,,,,,,,,,1,,,3month,5,,5,,4,,4,,4,,5,,5,,5,,5,,5,,female,graduate,6to10,J3L3P9,no,dontknow,noparty,9,2,35to44,
QC,410338883,,FRENCH10557,10557,y,hco_thankyou.php,,04/03/2014,22:38:22,22:48:46,"Mozilla/5.0 (Windows NT 5.1) AppleWebKit/537.36 (KHTML, like Gecko) Chrome/33.0.1750.146 Safari/537.36",,FRENCH,1005,54321,7,8,4,6,2,6,1,3,1,5,2,6,10,7,1,2,2,1,3,3,4,4,2,6,9,2,4,8,8,6,,,,,,,checked,,,,5to9,1,,,,,,,,,,,,,,,,,1,,,atleast1wk,5,,2,,3,,5,,4,,4,,3,,3,,4,,4,,male,graduate,morethan20,J3G,no,no,liberal,8,2,65plus,
QC,410022398,,FRENCH10558,10558,y,hco_thankyou.php,,04/03/2014,22:38:38,22:49:26,"Mozilla/5.0 (Windows NT 5.1) AppleWebKit/537.36 (KHTML, like Gecko) Chrome/33.0.1750.146 Safari/537.36",,FRENCH,1006,12345,7,5,9,8,8,9,5,2,9,4,2,1,1,7,1,3,5,4,6,8,6,9,7,9,10,7,1,2,8,1,,,,,,,,,checked,,none,,,,,,,,1,,,,,,,,,,1,,,7to11yr,4,,3,,4,,4,,4,,4,,3,,4,,5,,5,,male,HS,morethan20,j0k,no,no,NDP,2,2,65plus,
QC,410341394,,FRENCH10559,10559,y,hco_thankyou.php,,04/03/2014,22:40:56,22:53:30,Mozilla/5.0 (Windows NT 6.1; WOW64; Trident/7.0; NP06; EIE10;ENUSWOL; rv:11.0) like Gecko,,FRENCH,1007,54321,2,2,9,8,6,9,4,2,5,7,4,5,5,2,10,6,2,3,10,4,10,9,2,9,3,4,10,1,3,10,,,,,,,,,,,30to49,1,1,,,1,,1,,,,,,,,,,,1,,,atleast1wk,5,,3,,3,,5,,5,,4,,5,,5,,5,,5,,female,bachelors,morethan20,g2g,yes,yes,NDP,4,1,55to64,"J'espère que le gouvernement canadien sera plus sensible à la santé des milieux marins et océaniques. c'est important pour les générations futures et pour la planète. Au Canada, c'est un luxe d'être entouré de 3 océans...en plus, j'ai la chance de vivre en bordure du Saint-Laurent pollué par les déchets industriels sans compter la source les fabuleux Grands Lacs!!! C'est un dossier urgent!"
QC,410021865,,FRENCH10560,10560,y,hco_thankyou.php,,04/03/2014,22:40:58,22:45:59,Mozilla/5.0 (Windows NT 6.1; WOW64; rv:27.0) Gecko/20100101 Firefox/27.0,,FRENCH,1008,12345,1,7,1,3,4,8,6,7,8,9,7,9,2,2,9,7,7,9,8,6,9,5,6,9,10,7,1,4,2,1,,,,,,,,,,,5to9,1,,,,1,1,,,,,,,1,,,,,,,,1to2month,4,,3,,4,,4,,4,,4,,3,,4,,5,,4,,male,bachelors,morethan20,J0L,no,no,Bloc,5,3,45to54,
QC,410179756,,FRENCH10561,10561,y,hco_thankyou.php,,04/03/2014,22:42:54,22:51:09,"Mozilla/5.0 (iPad; CPU OS 7_0_6 like Mac OS X) AppleWebKit/537.51.1 (KHTML, like Gecko) Version/7.0 Mobile/11B651 Safari/9537.53",,FRENCH,1009,54321,7,4,9,10,4,6,1,3,5,9,2,9,4,4,6,6,2,6,3,4,5,2,2,9,5,2,9,8,3,9,,,,,,,,,,,5to9,,,,,1,,,,,,,,,,,,,1,,,1to2month,4,,2,,3,,3,,5,,5,,4,,4,,5,,5,,male,bachelors,morethan20,J3y,no,no,noparty,5,4,45to54,
QC,410044163,,FRENCH10562,10562,,hco_employment.php,,04/03/2014,22:49:50,,"Mozilla/5.0 (Linux; Android 4.3; Venue 8 3830 Build/JSS15Q) AppleWebKit/537.36 (KHTML, like Gecko) Chrome/33.0.1750.132 Safari/537.36",,FRENCH,1010,12345,,,,,,,,,,,,,,,,,,,,,,,,,,,,,,,,,,,,,,,,,10to29,,,,,,,,1,,,,,,,,,,,,,,,,,,,,,,,,,,,,,,,,,,,,,,,,,,,,
QC,410331597,,FRENCH10563,10563,y,hco_thankyou.php,,04/03/2014,22:50:29,23:01:33,Mozilla/5.0 (Windows NT 6.1; WOW64; rv:27.0) Gecko/20100101 Firefox/27.0,,FRENCH,1011,54321,1,7,3,7,9,5,8,8,9,2,8,10,4,1,2,5,2,10,3,8,10,6,2,6,9,2,4,10,7,10,,,,,,,,,,,10to29,,,,,,1,,,,,,,,,,,,1,,,7to11yr,5,,5,,5,,5,,5,,5,,5,,4,,5,,5,,male,bachelors,,j7n,no,yes,liberal,5,2,65plus,
QC,410249295,,FRENCH10564,10564,,hco_importanceranking_sample_all.php,,04/03/2014,22:56:04,,Mozilla/5.0 (Windows NT 6.1; WOW64; Trident/7.0; rv:11.0) like Gecko,,FRENCH,1012,12345,8,6,9,6,2,8,9,2,9,1,7,1,5,2,9,2,2,1,4,2,1,7,7,9,,,,,,,,,,,,,,,,,10to29,,,,,,,,1,,,,,,,,,,1,,,1to2month,5,,2,,4,,5,,5,,3,,4,,5,,5,,5,,,,,,,,,,,,
QC,410155925,,FRENCH10565,10565,y,hco_thankyou.php,,04/03/2014,23:02:13,23:13:15,Mozilla/4.0 (compatible; MSIE 8.0; Windows NT 5.1; Trident/4.0; BTRS100158; GTB7.5; InfoPath.1; AskTbORJ/5.15.23.36191; .NET CLR 2.0.50727; .NET CLR 3.0.4506.2152; .NET CLR 3.5.30729; .NET4.0C; .NET4.0E),,FRENCH,1013,54321,8,8,9,2,2,9,3,8,3,5,2,9,6,8,3,1,7,1,4,6,1,10,7,1,7,8,9,9,7,9,,,,,,,,,,,5to9,1,,,,,,1,,,,,,,,,,,1,,,1to2yr,5,,3,,5,,5,,5,,5,,5,,5,,5,,5,,male,HS,morethan20,j1t,no,yes,dontknow,9,2,55to64,
QC,410295879,,FRENCH10566,10566,y,hco_thankyou.php,,04/03/2014,23:02:56,23:12:33,Mozilla/5.0 (Windows NT 6.1; WOW64; Trident/7.0; rv:11.0) like Gecko,,FRENCH,1014,12345,10,4,1,9,4,9,4,4,1,7,7,5,5,2,5,2,2,1,3,3,5,8,3,1,1,3,5,6,3,6,,,,,,,,,,,lessthan5,,,,,,,,1,,,,,,,,,,1,,,3month,5,,3,,5,,5,,5,,5,,5,,5,,5,,5,,female,HS,morethan20,g2g,no,no,noresponse,9,2,55to64,
QC,410145578,,FRENCH10567,10567,y,hco_thankyou.php,,04/03/2014,23:03:34,23:11:51,Mozilla/5.0 (compatible; MSIE 10.0; Windows NT 6.2; WOW64; Trident/6.0),,FRENCH,1015,54321,1,7,10,5,5,9,10,7,10,7,7,9,8,3,9,3,5,10,9,7,9,2,1,9,4,5,6,6,7,8,,,,,,,,,,,5to9,1,,,,,,,,,,,,,,,,,1,,,7to11yr,3,,3,,3,,,,3,,4,,3,,3,,4,,4,,female,somepost,morethan20,j7c,no,no,noresponse,9,2,55to64,
QC,410280977,,FRENCH10568,10568,y,hco_thankyou.php,,04/03/2014,23:05:47,23:18:15,"Mozilla/5.0 (Windows NT 6.1; WOW64) AppleWebKit/537.36 (KHTML, like Gecko) Chrome/33.0.1750.146 Safari/537.36",,FRENCH,1016,12345,3,3,8,5,2,9,10,1,6,9,7,9,4,2,6,1,1,7,6,3,8,7,4,9,8,3,9,2,1,9,,,,,,,,,,,none,,,,,,,,1,,,,,,,,,,1,,,1to2yr,2,,2,,2,,4,,4,,4,,4,,4,,4,,4,,male,HS,morethan20,j3r,no,no,dontknow,3,2,55to64,
QC,410329960,,FRENCH10569,10569,y,hco_thankyou.php,,04/03/2014,23:16:12,23:25:30,Mozilla/5.0 (Windows NT 5.1; rv:27.0) Gecko/20100101 Firefox/27.0,,FRENCH,1017,54321,3,3,5,4,2,4,2,2,9,7,7,4,10,7,4,8,3,9,5,2,9,6,2,8,1,3,10,9,2,4,,,,,,,,,,,5to9,1,,,1,,,,,,,,,,,,,,1,,,atleast1wk,5,,5,,5,,5,,5,,5,,5,,5,,5,,5,,male,college,morethan20,G6P,no,no,Bloc,4,1,55to64,
QC,410155102,,FRENCH10570,10570,y,hco_thankyou.php,,04/03/2014,23:16:54,23:29:24,Mozilla/5.0 (Windows NT 6.1; WOW64; Trident/7.0; BOIE9;FRCA; rv:11.0) like Gecko,,FRENCH,1018,12345,9,7,4,4,1,5,6,3,6,8,3,8,3,3,10,7,7,5,1,3,10,2,1,10,5,9,10,10,7,10,,,,,,,,,,,5to9,1,,,,,,,,,,,,,,,,,1,,,3month,3,,4,,3,,3,,4,,4,,3,,4,,4,,4,,female,HS,morethan20,h2m,no,no,dontknow,1,1,55to64,
QC,410149296,,FRENCH10571,10571,y,hco_thankyou.php,,04/03/2014,23:20:48,23:32:01,Mozilla/5.0 (compatible; MSIE 9.0; Windows NT 6.0; Trident/5.0; BOIE9;FRCA),,FRENCH,1019,54321,6,2,6,1,3,5,4,2,6,7,4,9,5,10,6,3,3,8,10,4,7,9,2,9,2,2,9,8,1,9,,,,,,,,,,,none,,,,,,,,1,,,,,,,,,,1,,,1to2month,4,,3,,4,,4,,4,,4,,4,,4,,4,,3,,male,HS,morethan20,H4J,no,no,NDP,3,1,55to64,
QC,410280915,,FRENCH10572,10572,y,hco_thankyou.php,,04/03/2014,23:24:01,23:33:53,"Mozilla/5.0 (iPad; CPU OS 6_1_3 like Mac OS X) AppleWebKit/536.26 (KHTML, like Gecko) Version/6.0 Mobile/10B329 Safari/8536.25",,FRENCH,1020,12345,1,3,5,7,7,9,8,3,9,2,2,9,4,2,1,5,2,9,3,3,10,6,2,6,9,2,9,10,7,10,,,,,,,,,,,10to29,,,,,,1,,,,,,,,,,,,1,,,3month,5,,3,,4,,3,,4,,4,,4,,4,,5,,5,,male,bachelors,morethan20,G2C,no,no,NDP,4,2,55to64,
QC,410306838,,FRENCH10573,10573,y,hco_thankyou.php,,04/03/2014,23:36:56,23:48:57,Mozilla/5.0 (Windows NT 6.1; WOW64; Trident/7.0; rv:11.0) like Gecko,,FRENCH,1021,54321,8,3,9,6,3,8,9,3,4,1,3,10,5,2,10,2,2,9,4,2,4,7,7,9,10,7,1,3,8,10,,,,,,,,,,,none,1,1,,1,1,1,,,,,,,,,,,,1,,,atleast1wk,5,,3,,4,,5,,4,,4,,4,,5,,5,,5,,male,somepost,morethan20,J4M,no,no,NDP,6,2,55to64,
QC,410257800,,FRENCH10574,10574,y,hco_thankyou.php,,04/03/2014,23:39:15,23:46:30,"Mozilla/5.0 (iPad; CPU OS 7_0_6 like Mac OS X) AppleWebKit/537.51.1 (KHTML, like Gecko) Version/7.0 Mobile/11B651 Safari/9537.53",,FRENCH,1022,12345,8,3,9,2,2,9,3,10,8,5,2,9,6,2,8,1,3,1,4,2,1,10,4,6,7,4,9,9,4,9,,,,,,,,,,,30to49,,,,,,,,1,,,,,,1,1,,,,,,atleast1wk,3,,3,,2,,3,,3,,3,,4,,4,,5,,3,,female,bachelors,morethan20,G7s,no,yes,noresponse,3,2,45to54,
QC,410233509,,FRENCH10575,10575,y,hco_thankyou.php,,04/03/2014,23:45:18,23:52:27,"Mozilla/5.0 (Windows NT 6.0) AppleWebKit/537.36 (KHTML, like Gecko) Chrome/33.0.1750.146 Safari/537.36",,FRENCH,1023,54321,10,6,10,9,7,9,4,6,5,7,7,0,5,6,10,2,2,10,3,3,5,8,3,1,1,7,5,6,7,8,,,,,,,,,,,none,,,,,1,,,,,,,,,,,,,1,,,3to6yr,4,,2,,3,,3,,3,,2,,4,,3,,4,,3,,male,college,morethan20,g6z,no,no,CPC,4,2,55to64,
QC,410005264,,FRENCH10576,10576,y,hco_thankyou.php,,05/03/2014,0:14:05,0:21:35,Mozilla/4.0 (compatible; MSIE 8.0; Windows NT 5.1; Trident/4.0; Mozilla/4.0 (compatible; MSIE 6.0; Windows NT 5.1; SV1) ; .NET4.0C; .NET CLR 1.1.4322; .NET CLR 2.0.50727; .NET CLR 3.0.4506.2152; .NET CLR 3.5.30729),,FRENCH,1024,12345,1,3,10,5,2,10,10,7,10,7,7,9,8,3,9,3,3,10,9,3,9,2,2,9,4,2,5,6,3,8,,,,,,,,,,,none,,,,,,,,1,,,,,,,,,,1,,,atleast1wk,5,,4,,4,,5,,5,,4,,3,,5,,5,,5,,male,college,morethan20,H2L,no,no,Bloc,3,1,55to64,"Il est urgent de protéger les océans car si ceux-ci continuent de se détériorer, c'est tout ce qui en dépends qui suivra..."
QC,410293405,,FRENCH10577,10577,,hco_importanceranking_sample_all.php,,05/03/2014,0:20:07,,Mozilla/5.0 (Windows NT 6.1; WOW64; Trident/7.0; rv:11.0) like Gecko,,FRENCH,1025,54321,,,,,,,,,,,,,,,,,,,,,,,,,,,,,,,,,,,,,,,,,5to9,,,,,,,1,,,,,,,,1,,,,,,3to6yr,,,3,,,,,,,,4,,,,,,,,,,,,,,,,,,,,
QC,410149752,,FRENCH10578,10578,y,hco_thankyou.php,,05/03/2014,0:21:48,0:28:48,"Mozilla/5.0 (Windows NT 6.1; WOW64) AppleWebKit/537.36 (KHTML, like Gecko) Chrome/33.0.1750.146 Safari/537.36",,FRENCH,1026,12345,3,3,4,4,2,4,2,2,9,7,7,4,10,7,4,8,3,9,5,2,10,6,3,8,1,3,10,9,3,4,,,,,,,,,,,5to9,1,,,,,,,,,,,,,,,,,1,,,atleast1wk,4,,3,,2,,5,,5,,4,,3,,5,,5,,5,,,college,morethan20,J3Y,no,no,NDP,5,2,55to64,
QC,410137287,,FRENCH10579,10579,y,hco_thankyou.php,,05/03/2014,0:31:02,1:00:40,Mozilla/5.0 (Windows NT 6.1; rv:27.0) Gecko/20100101 Firefox/27.0,,FRENCH,1027,54321,9,2,9,4,6,5,6,7,6,8,1,9,3,3,5,7,7,9,1,3,5,2,2,9,5,6,9,10,7,1,,,,,,,,,,,none,,,,,,,,1,,,,,,,,,,1,,,atleast1wk,4,,5,,4,,5,,5,,4,,4,,4,,5,,4,,female,college,morethan20,H7N,no,no,CPC,3,2,65plus,Sans être défaitiste je ne crois pas que l'être humain réussira à renouveler la face de la terre. Seul Celui qui l'a créé a le pouvoir d'intervenir...et il le fera!
QC,410300530,,FRENCH10580,10580,y,hco_thankyou.php,,05/03/2014,0:32:56,0:42:11,Mozilla/5.0 (Windows NT 6.1; WOW64; Trident/7.0; rv:11.0) like Gecko,,FRENCH,1028,12345,6,2,3,1,7,3,4,2,4,7,8,5,5,2,5,3,8,3,10,7,4,9,2,3,2,2,9,8,8,3,,,,,,,,,,,none,,,,,,,,1,,,,,,,,,,,1,,1to2yr,4,,1,,5,,5,,5,,5,,5,,5,,5,,5,,male,HS,morethan20,j5a,no,no,Bloc,4,2,35to44,
QC,410281786,,FRENCH10581,10581,,hco_importanceranking_sample_all.php,,05/03/2014,0:49:42,,Mozilla/5.0 (Windows NT 6.1; WOW64; rv:27.0) Gecko/20100101 Firefox/27.0,,FRENCH,1029,54321,1,5,3,7,8,5,,,,,,,,,,,,,,,,,,,,,,,,,,,,,,,,,,,none,,,,,,,,1,,,,,,,,,,1,,,1to2yr,3,,3,,3,,3,,3,,3,,,,3,,3,,3,,,,,,,,,,,,
QC,410159219,,FRENCH10582,10582,y,hco_thankyou.php,,05/03/2014,0:54:32,0:59:10,"Mozilla/5.0 (Windows NT 6.1; WOW64) AppleWebKit/537.36 (KHTML, like Gecko) Chrome/33.0.1750.146 Safari/537.36",,FRENCH,1030,12345,8,3,1,6,3,6,9,3,9,1,3,1,5,2,6,2,2,1,4,2,1,7,4,8,10,4,6,3,3,8,,,,,,,,,,,5to9,1,,,,,,,,,,,,,,,,,1,,,atleast1wk,5,,2,,4,,4,,4,,5,,4,,5,,5,,5,,male,college,morethan20,h9j,no,no,NDP,9,2,55to64,
QC,410153549,,FRENCH10583,10583,y,hco_thankyou.php,,05/03/2014,0:55:03,1:01:30,"Mozilla/5.0 (Windows NT 6.0; WOW64) AppleWebKit/537.36 (KHTML, like Gecko) Chrome/33.0.1750.146 Safari/537.36",,FRENCH,1031,54321,8,3,9,2,2,9,3,3,10,5,2,9,6,2,6,1,3,1,4,2,1,10,7,1,7,5,9,9,2,9,,,,,,,,,,,50to100,1,,,,1,,,,,,,,,,,,,1,,,atleast1wk,4,,2,,3,,4,,4,,4,,4,,4,,4,,4,,male,college,morethan20,g8b,no,no,noparty,4,2,55to64,
QC,410176946,,FRENCH10584,10584,y,hco_thankyou.php,,05/03/2014,1:02:32,1:07:40,Mozilla/5.0 (Windows NT 6.3; WOW64; rv:27.0) Gecko/20100101 Firefox/27.0,,FRENCH,1032,12345,2,2,9,3,3,10,6,2,8,9,2,9,8,8,9,5,2,9,1,3,5,7,5,9,10,7,1,4,2,1,,,,,,,,checked,,,5to9,,,,,,,,1,,,,,,,,,,1,,,1to2month,3,,2,,2,,4,,5,,4,,4,,5,,5,,5,,male,bachelors,morethan20,j2c,no,no,NDP,2,2,55to64,
QC,410136635,,FRENCH10585,10585,y,hco_thankyou.php,,05/03/2014,1:03:59,1:11:32,"Mozilla/5.0 (Macintosh; Intel Mac OS X 10_6_8) AppleWebKit/534.59.10 (KHTML, like Gecko) Version/5.1.9 Safari/534.59.10",,FRENCH,1033,54321,8,8,3,6,7,3,2,8,10,1,7,5,7,7,4,4,1,5,9,7,9,10,7,10,5,2,10,3,8,4,,,,,,,,,,,10to29,,,,,1,,,,,,,,,,,,,1,,,3month,4,,5,,4,,5,,5,,4,,4,,5,,5,,4,,male,graduate,morethan20,G7H,no,no,Bloc,9,,65plus,
QC,410292700,,FRENCH10586,10586,,hco_intro.php,,05/03/2014,1:08:08,,"Mozilla/5.0 (X11; Linux x86_64) AppleWebKit/534.24 (KHTML, like Gecko) Chrome/11.0.696.34 Safari/534.24",,FRENCH,1034,12345,,,,,,,,,,,,,,,,,,,,,,,,,,,,,,,,,,,,,,,,,,,,,,,,,,,,,,,,,,,,,,,,,,,,,,,,,,,,,,,,,,,,,,,,,,,,,
QC,410047013,,FRENCH10587,10587,,hco_intro.php,,05/03/2014,1:24:03,,"Mozilla/5.0 (iPad; CPU OS 7_0_6 like Mac OS X) AppleWebKit/537.51.1 (KHTML, like Gecko) Version/7.0 Mobile/11B651 Safari/9537.53",,FRENCH,1035,54321,,,,,,,,,,,,,,,,,,,,,,,,,,,,,,,,,,,,,,,,,,,,,,,,,,,,,,,,,,,,,,,,,,,,,,,,,,,,,,,,,,,,,,,,,,,,,
QC,410037276,,FRENCH10588,10588,y,hco_thankyou.php,,05/03/2014,1:26:56,1:30:18,Mozilla/5.0 (Windows NT 6.1; WOW64; rv:27.0) Gecko/20100101 Firefox/27.0,,FRENCH,1036,12345,4,4,6,10,10,1,1,1,3,5,5,9,6,2,3,9,3,4,7,4,9,3,10,5,8,9,6,2,1,9,,,,,,,,,,,none,,,,,,,,1,,,,,,,,,,1,,,Never,5,,5,,5,,5,,5,,5,,5,,5,,5,,5,,female,HS,morethan20,G1L 1H5,no,no,CPC,1,2,55to64,
QC,410283962,,FRENCH10589,10589,y,hco_thankyou.php,,05/03/2014,1:32:05,1:45:21,"Mozilla/5.0 (Windows NT 6.1; WOW64) AppleWebKit/537.36 (KHTML, like Gecko) Chrome/32.0.1700.76 Safari/537.36",,FRENCH,1037,54321,1,3,1,9,2,9,3,3,10,2,2,9,4,2,1,10,4,1,8,8,9,5,2,9,7,8,9,6,3,7,,,,,,,,,,,10to29,,,,,,,,1,,,,,,,,,,1,,,7to11yr,4,,4,,4,,4,,5,,4,,5,,5,,5,,5,,male,HS,morethan20,h1h,no,no,Bloc,5,3,55to64,Aucune remarque
QC,410269867,,FRENCH10590,10590,,hco_intro.php,,05/03/2014,1:32:12,,"Mozilla/5.0 (Windows NT 6.0; WOW64) AppleWebKit/537.36 (KHTML, like Gecko) Chrome/33.0.1750.146 Safari/537.36",,FRENCH,1038,12345,,,,,,,,,,,,,,,,,,,,,,,,,,,,,,,,,,,,,,,,,,,,,,,,,,,,,,,,,,,,,,,,,,,,,,,,,,,,,,,,,,,,,,,,,,,,,
QC,410267630,,FRENCH10591,10591,,hco_importanceranking_sample_all.php,,05/03/2014,1:54:41,,Mozilla/5.0 (compatible; MSIE 9.0; Windows NT 6.0; Trident/5.0; BOIE9;ENUS),,FRENCH,1039,54321,,,,,,,,,,,,,,,,,,,,,,,,,,,,,,,,,,,,,,,,,lessthan5,,,,,,,,1,,,,,,,,,,1,,,3to6yr,4,,4,,4,,4,,4,,4,,4,,4,,4,,4,,,,,,,,,,,,
QC,410282709,,FRENCH10592,10592,y,hco_thankyou.php,,05/03/2014,2:02:18,2:10:58,"Mozilla/5.0 (Windows NT 6.1; WOW64) AppleWebKit/537.36 (KHTML, like Gecko) Chrome/33.0.1750.146 Safari/537.36",,FRENCH,1040,12345,9,4,9,2,8,9,3,8,10,6,8,6,8,8,9,5,2,9,1,10,5,7,8,9,10,4,1,4,4,6,,,,,,,,,,,10to29,,,,,,,,1,,,,,,,,,,1,,,1to2month,4,,2,,4,,4,,4,,4,,4,,4,,5,,4,,female,college,morethan20,G7H,,no,noresponse,9,2,45to54,
QC,410069213,,FRENCH10593,10593,y,hco_thankyou.php,,05/03/2014,2:38:32,2:49:50,Mozilla/5.0 (Windows NT 6.1; WOW64; Trident/7.0; rv:11.0) like Gecko,,FRENCH,1041,54321,8,3,9,6,7,6,2,2,10,1,7,10,7,7,4,4,2,4,9,7,4,10,7,10,5,2,10,3,3,10,,,,,,,,,,,10to29,,,,,1,,,,,,,,,,,,,1,,,3month,5,,5,,4,,5,,5,,4,,4,,5,,5,,5,,male,bachelors,morethan20,h9a,no,no,noparty,7,3,55to64,
QC,410229617,,FRENCH10594,10594,,hco_intro.php,,05/03/2014,3:02:35,,"Mozilla/5.0 (Windows NT 6.1; WOW64) AppleWebKit/537.36 (KHTML, like Gecko) Chrome/33.0.1750.146 Safari/537.36",,FRENCH,1042,12345,,,,,,,,,,,,,,,,,,,,,,,,,,,,,,,,,,,,,,,,,,,,,,,,,,,,,,,,,,,,,,,,,,,,,,,,,,,,,,,,,,,,,,,,,,,,,
QC,410297708,,FRENCH10595,10595,,hco_intro.php,,05/03/2014,3:42:14,,Mozilla/5.0 (Windows NT 5.1; rv:27.0) Gecko/20100101 Firefox/27.0,,FRENCH,1043,54321,,,,,,,,,,,,,,,,,,,,,,,,,,,,,,,,,,,,,,,,,,,,,,,,,,,,,,,,,,,,,,,,,,,,,,,,,,,,,,,,,,,,,,,,,,,,,
QC,410164745,,FRENCH10596,10596,y,hco_thankyou.php,,05/03/2014,3:45:16,3:52:46,Mozilla/5.0 (Windows NT 6.1; WOW64; Trident/7.0; rv:11.0) like Gecko,,FRENCH,1044,12345,5,2,10,1,3,7,3,3,5,6,3,8,8,3,1,2,2,1,9,3,9,7,7,9,10,7,10,4,2,5,,,,,,,,,,,5to9,,,,,,,,1,,,,,,,,,,1,,,1to2month,3,,3,,4,,4,,4,,4,,4,,4,,5,,5,,female,college,morethan20,j3y,no,no,Bloc,4,3,45to54,
QC,410232299,,FRENCH10597,10597,y,hco_thankyou.php,,05/03/2014,4:14:48,4:23:19,"Mozilla/5.0 (Windows NT 6.1; WOW64) AppleWebKit/537.36 (KHTML, like Gecko) Chrome/32.0.1700.107 Safari/537.36",,FRENCH,1045,54321,2,8,1,10,4,1,3,4,3,5,10,6,9,4,9,7,4,9,6,8,6,8,8,1,1,7,1,4,4,1,,,,,,,,,,,10to29,,,,,,,,1,,,,,,,,,,1,,,1to2month,4,,4,,4,,4,,4,,4,,4,,4,,4,,4,,male,bachelors,morethan20,j2w,no,no,noparty,3,2,65plus,
QC,410058990,,FRENCH10598,10598,y,hco_thankyou.php,,05/03/2014,4:15:37,4:28:02,Mozilla/5.0 (Windows NT 6.1; WOW64; Trident/7.0; rv:11.0) like Gecko,,FRENCH,1046,12345,2,2,1,1,3,1,10,7,4,4,2,1,3,3,10,7,7,9,6,2,6,9,2,9,5,2,9,8,3,1,,,,checked,,,,,,checked,10to29,,,,,1,1,1,,,,,,,,,,,1,,,atleast1wk,5,,3,,4,,5,,5,,5,,5,,5,,5,,5,,male,HS,morethan20,H1T,no,no,CPC,6,2,65plus,
QC,410293938,,FRENCH10599,10599,y,hco_thankyou.php,,05/03/2014,9:11:49,9:32:40,Mozilla/5.0 (Windows NT 6.1; WOW64; Trident/7.0; rv:11.0) like Gecko,,FRENCH,1047,54321,2,2,9,6,2,8,9,2,9,8,3,9,4,2,5,5,2,10,1,3,10,10,7,10,3,3,10,7,7,9,,,,,,,,,,,50to100,1,,,,1,,1,,,,,,,1,1,,,,,,1to2month,5,,2,,3,,5,,5,,4,,5,,5,,5,,5,,male,college,morethan20,g2k,yes,no,CPC,4,2,65plus,
QC,410004321,,FRENCH10600,10600,,hco_intro.php,,05/03/2014,10:25:36,,"Mozilla/5.0 (Linux; U; Android 4.1.1; fr-ca; GT-P5113 Build/JRO03C) AppleWebKit/534.30 (KHTML, like Gecko) Version/4.0 Safari/534.30",,FRENCH,1048,12345,,,,,,,,,,,,,,,,,,,,,,,,,,,,,,,,,,,,,,,,,,,,,,,,,,,,,,,,,,,,,,,,,,,,,,,,,,,,,,,,,,,,,,,,,,,,,
QC,410346809,,FRENCH10601,10601,y,hco_thankyou.php,,05/03/2014,12:20:22,12:34:37,"Mozilla/5.0 (Windows NT 6.1; WOW64) AppleWebKit/537.36 (KHTML, like Gecko) Chrome/33.0.1750.146 Safari/537.36",,FRENCH,1049,54321,2,2,10,4,2,6,3,5,4,7,7,9,6,3,6,1,3,10,5,2,9,10,7,4,8,3,9,9,3,9,,,,,,,,,,,5to9,,,,,,,,1,,,,,,,,,,1,,,7to11yr,3,,3,,3,,4,,2,,4,,2,,3,,2,,2,,female,HS,morethan20,J0Z,yes,no,noparty,1,2,55to64,
QC,410342858,,FRENCH10602,10602,y,hco_thankyou.php,,05/03/2014,12:23:56,12:32:06,Mozilla/5.0 (Windows NT 6.1; WOW64; Trident/7.0; rv:11.0) like Gecko,,FRENCH,1050,12345,3,4,10,6,7,6,10,7,1,7,7,9,9,7,9,4,4,1,8,8,1,5,2,6,1,7,1,2,8,1,,,,,,,,,,checked,none,,,,,,,,1,,,,,,,,,,1,,,7to11yr,3,,3,,3,,3,,3,,3,,3,,3,,4,,4,,male,college,morethan20,J6W,no,no,Bloc,9,2,65plus,Les questions sur la situation financière des répondants ainsi que l'opinion politique ne devraient pas faire partie intégrale d'un tel sondage.
QC,410144840,,FRENCH10603,10603,y,hco_thankyou.php,,05/03/2014,12:27:44,12:40:08,Mozilla/5.0 (Windows NT 6.1; WOW64; Trident/7.0; rv:11.0) like Gecko,,FRENCH,1051,54321,4,2,5,5,2,9,1,7,5,3,3,8,6,3,6,7,7,4,8,3,9,2,2,9,9,3,9,10,7,4,,,,,,,,,,,5to9,1,,,1,,1,,,,,,,,,,,,1,,,atleast1wk,5,,5,,5,,5,,5,,5,,5,,5,,5,,5,,male,college,morethan20,g1n,no,dontknow,dontknow,4,4,45to54,
QC,410223389,,FRENCH10604,10604,y,hco_thankyou.php,,05/03/2014,12:41:58,12:49:46,"Mozilla/5.0 (Windows NT 6.3; WOW64) AppleWebKit/537.36 (KHTML, like Gecko) Chrome/33.0.1750.146 Safari/537.36",,FRENCH,1052,12345,6,3,6,7,4,9,9,2,9,5,2,9,8,3,1,3,3,10,10,7,1,2,2,9,1,3,1,4,2,1,,,,,,,,,,,5to9,,,,,,,,1,,,,,,,,,,1,,,atleast1wk,5,,4,,4,,4,,5,,4,,4,,5,,,,5,,male,college,morethan20,G1T,no,no,NDP,6,2,55to64,
QC,410161710,,FRENCH10605,10605,y,hco_thankyou.php,,05/03/2014,12:47:31,12:58:24,Mozilla/4.0 (compatible; MSIE 8.0; Windows NT 5.1; Trident/4.0; SIMBAR={3ECD4048-F212-4DFF-AEBA-57E302769146}; GTB6.3; .NET CLR 2.0.50727; .NET CLR 3.0.04506.30; .NET CLR 3.0.4506.2152; .NET CLR 3.5.30729; OfficeLiveConnector.1.5; OfficeLivePatch.1.3),,FRENCH,1053,54321,10,6,4,5,2,9,9,2,9,1,7,5,8,3,9,7,7,9,4,2,4,3,3,4,6,2,8,2,2,9,,,,,,,,,,,none,,,,,,,,1,,,,,,,,,,1,,,1to2month,4,,4,,4,,5,,5,,4,,4,,5,,5,,4,,female,bachelors,morethan20,g6s,no,no,noparty,4,1,45to54,
QC,410307742,,FRENCH10606,10606,y,hco_thankyou.php,,05/03/2014,12:50:22,12:56:36,Mozilla/5.0 (compatible; MSIE 9.0; Windows NT 6.1; Trident/5.0),,FRENCH,1054,12345,5,2,9,1,3,5,3,3,10,6,2,8,8,3,9,2,2,9,9,4,9,7,4,9,10,4,10,4,2,5,,,,,,,,,,,lessthan5,,1,,,1,,1,,,,,,,,,,,1,,,3to6yr,4,,4,,4,,4,,4,,5,,3,,5,,5,,5,,female,bachelors,morethan20,G0M,no,no,CPC,6,4,25to34,
QC,410152903,,FRENCH10607,10607,y,hco_thankyou.php,,05/03/2014,12:51:29,12:59:13,Mozilla/5.0 (compatible; MSIE 10.0; Windows NT 6.2; WOW64; Trident/6.0),,FRENCH,1055,54321,2,2,9,10,10,1,3,10,3,5,2,9,9,2,9,7,7,9,6,2,3,8,6,9,1,5,1,4,2,5,,,,,,,,,,,50to100,1,,,,,,1,,,,,,,,,,,1,,,3month,5,,3,,5,,5,,5,,5,,5,,5,,5,,5,,male,somepost,morethan20,h9h,no,no,Bloc,9,2,65plus,
QC,410144895,,FRENCH10608,10608,y,hco_thankyou.php,,05/03/2014,12:55:25,13:02:40,"Mozilla/5.0 (Windows NT 5.1) AppleWebKit/537.36 (KHTML, like Gecko) Chrome/33.0.1750.146 Safari/537.36",,FRENCH,1056,12345,2,2,9,1,3,10,10,7,10,4,2,4,3,8,10,7,7,9,6,7,6,9,2,9,5,2,9,8,8,9,,,checked,,,,,,,,10to29,1,1,,,1,,,,,,,,,,,,,1,,,3month,5,,3,,2,,5,,5,,5,,3,,4,,5,,5,,female,college,morethan20,h8y,no,no,liberal,5,2,45to54,il est tres beau votre sondage et tres important ! merci !
QC,410341463,,FRENCH10609,10609,y,hco_thankyou.php,,05/03/2014,13:06:10,13:24:57,Mozilla/4.0 (compatible; MSIE 8.0; Windows NT 5.1; Trident/4.0; GTB7.5; .NET4.0C; .NET CLR 1.1.4322; .NET CLR 2.0.50727; .NET CLR 3.0.4506.2152; .NET CLR 3.5.30729; InfoPath.1),,FRENCH,1057,54321,2,2,9,6,2,8,9,3,9,8,3,9,4,2,5,5,2,10,1,3,10,10,7,10,3,3,8,7,7,9,,,,,,,,,,,30to49,1,1,,,1,,1,,,,,,,,,,,1,,,atleast1wk,5,,5,,5,,5,,5,,5,,5,,5,,5,,5,,female,graduate,morethan20,g2l,no,no,noparty,5,5,35to44,
QC,410256532,,FRENCH10610,10610,,hco_importanceranking_sample_all.php,,05/03/2014,13:41:59,,Mozilla/5.0 (Windows NT 6.1; WOW64; Trident/7.0; rv:11.0) like Gecko,,FRENCH,1058,12345,,,,,,,,,,,,,,,,,,,,,,,,,,,,,,,,,,,,,,,,,lessthan5,1,,,,,,,,,,,,,,,,,1,,,1to2month,4,,3,,4,,4,,5,,4,,5,,4,,5,,5,,,,,,,,,,,,
QC,410339451,,FRENCH10611,10611,y,hco_thankyou.php,,05/03/2014,14:04:44,14:15:08,Mozilla/5.0 (Windows NT 6.3; WOW64; Trident/7.0; VER#6D#80836769786745484877484855; MATBJS; rv:11.0) like Gecko,,FRENCH,1059,54321,2,1,9,4,4,5,3,4,5,7,4,9,6,3,6,1,3,5,5,10,9,10,4,6,8,3,9,9,3,9,,,,,,,,,,,10to29,,,,,,,,1,,,,,,,,,,1,,,1to2month,5,,5,,4,,,,5,,5,,4,,5,,5,,5,,male,college,morethan20,J9E,no,no,dontknow,5,2,55to64,UN PEUT DIFFICIL A REPONDRE
QC,410209592,,FRENCH10612,10612,y,hco_thankyou.php,,05/03/2014,14:27:23,14:43:52,Mozilla/5.0 (compatible; MSIE 9.0; Windows NT 6.1; Trident/5.0),,FRENCH,1060,12345,3,3,10,6,6,8,10,7,10,7,7,9,9,3,9,4,6,4,8,3,9,5,6,10,1,3,10,2,2,10,,,,,,,,,,,dontknow,,,,,,,,1,,,,,,,,,,1,,,1to2month,5,,5,,1,,5,,5,,3,,4,,5,,5,,5,,male,HS,morethan20,h1l,yes,yes,Bloc,1,1,35to44,
QC,410146343,,FRENCH10613,10613,y,hco_thankyou.php,,05/03/2014,14:31:01,14:36:49,"Mozilla/5.0 (Windows NT 6.1; WOW64) AppleWebKit/537.36 (KHTML, like Gecko) Chrome/33.0.1750.146 Safari/537.36",,FRENCH,1061,54321,4,2,5,5,2,5,1,7,5,3,4,5,6,2,6,7,4,5,8,8,6,2,2,9,9,2,9,10,4,6,,,,,,,,,,,10to29,,,,,,,,1,,,,,,,,,,1,,,1to2month,,,3,,3,,3,,,,3,,,,3,,,,3,,female,bachelors,morethan20,j6a,no,no,Bloc,4,2,55to64,
QC,410282266,,FRENCH10614,10614,,hco_nonfood_carbon_importance.php,,05/03/2014,14:57:38,,Mozilla/5.0 (Windows NT 6.3; Win64; x64; Trident/7.0; Touch; MASAJS; rv:11.0) like Gecko,,FRENCH,1062,12345,,,,,,,,,,,,,,,,,,,,,,,,,,,,,,,,,,,,,,,,,none,,,,,,,,1,,,,,,,,,,1,,,3month,5,,3,,,,,,,,,,,,,,,,,,,,,,,,,,,,
QC,410150510,,FRENCH10615,10615,y,hco_thankyou.php,,05/03/2014,15:07:07,15:22:14,"Mozilla/5.0 (Windows NT 6.1; WOW64) AppleWebKit/537.36 (KHTML, like Gecko) Chrome/33.0.1750.146 Safari/537.36",,FRENCH,1063,54321,10,4,6,5,10,9,9,3,9,1,10,7,8,1,9,7,4,9,4,4,5,3,10,8,6,2,8,2,10,9,,,,,,,,,,,none,,,,,,,,1,,,,,,,,,,1,,,3to6yr,3,,3,,3,,2,,4,,3,,3,,4,,4,,2,,,HS,morethan20,H1P,no,no,noparty,9,1,45to54,
QC,410343455,,FRENCH10616,10616,y,hco_thankyou.php,,05/03/2014,16:20:51,16:31:24,Mozilla/5.0 (compatible; MSIE 9.0; Windows NT 6.0; Trident/5.0),,FRENCH,1064,12345,7,4,9,2,2,1,10,4,1,3,4,5,4,4,6,9,4,9,6,2,6,5,2,9,8,3,1,1,10,1,,,,,,,,,,,5to9,,,,,,1,,,,,,,,,,,,1,,,atleast1wk,3,,1,,4,,4,,4,,4,,4,,4,,5,,4,,male,college,morethan20,j8z,no,no,liberal,6,2,45to54,
QC,410343096,,FRENCH10617,10617,y,hco_thankyou.php,,05/03/2014,16:44:40,16:58:48,"Mozilla/5.0 (Windows NT 6.0) AppleWebKit/537.36 (KHTML, like Gecko) Chrome/33.0.1750.117 Safari/537.36",,FRENCH,1065,54321,4,1,4,10,7,10,1,7,10,2,1,10,7,7,4,3,3,4,6,7,8,9,7,4,5,6,10,8,3,8,,,,checked,,,,,,,5to9,,,,,,,,,,,,,,,,,,1,,,atleast1wk,5,,5,,3,,5,,5,,4,,4,,5,,5,,5,,female,HS,morethan20,j3e,no,no,Bloc,3,3,45to54,
QC,410336299,,FRENCH10618,10618,,thankyou_abort.php,,05/03/2014,16:47:03,,Mozilla/4.0 (compatible; MSIE 8.0; Windows NT 5.1; Trident/4.0; .NET CLR 2.0.50727; .NET CLR 3.0.4506.2152; .NET CLR 3.5.30729),,FRENCH,1066,12345,,,,,,,,,,,,,,,,,,,,,,,,,,,,,,,,,,,,,,,,,,,,,,,,,,,,,,,,,,,,,,,,,,,,,,,,,,,,,,,,,,,,,,,,,,,,,
QC,410201462,,FRENCH10619,10619,y,hco_thankyou.php,,05/03/2014,17:33:53,17:46:20,Mozilla/5.0 (Windows NT 6.3; WOW64; rv:27.0) Gecko/20100101 Firefox/27.0,,FRENCH,1067,54321,5,10,9,10,10,6,7,7,9,6,3,6,9,3,9,3,3,4,2,10,9,1,3,1,8,3,9,4,5,6,,,,,,,,,,,10to29,1,,,1,,,,,,,,,,,,,,1,,,atleast1wk,3,,3,,3,,3,,3,,3,,3,,4,,4,,4,,female,bachelors,morethan20,J7H,no,no,green,5,2,55to64,
QC,410148847,,FRENCH10620,10620,y,hco_thankyou.php,,05/03/2014,17:34:56,17:44:40,Mozilla/5.0 (Windows NT 6.0; rv:27.0) Gecko/20100101 Firefox/27.0,,FRENCH,1068,12345,2,10,2,8,3,1,10,10,4,1,3,1,5,10,5,6,3,2,4,5,1,9,3,2,3,3,4,7,7,4,,,,,,,,,,,lessthan5,,,,,,,,1,,,,,,,,,,1,,,3to6yr,3,,3,,3,,3,,4,,4,,4,,5,,5,,4,,male,HS,morethan20,j7r,no,no,Bloc,4,2,55to64,
QC,410024395,,FRENCH10621,10621,y,hco_thankyou.php,,05/03/2014,17:35:47,17:41:58,Mozilla/5.0 (Windows NT 6.1; WOW64; Trident/7.0; rv:11.0) like Gecko,,FRENCH,1069,54321,5,9,5,1,3,1,10,4,10,8,3,9,4,4,6,9,3,9,2,1,9,6,3,6,3,3,8,7,4,9,,,,checked,,,checked,,,,5to9,,,,,1,1,1,,,,,,,,,,,1,,,7to11yr,5,,5,,5,,5,,5,,5,,5,,5,,5,,5,,female,bachelors,morethan20,h1L,no,no,CPC,6,2,55to64,
QC,410095987,,FRENCH10622,10622,y,hco_thankyou.php,,05/03/2014,18:57:02,19:04:25,Mozilla/5.0 (Windows NT 6.1; Trident/7.0; rv:11.0) like Gecko,,FRENCH,1070,12345,3,3,10,8,3,9,1,3,10,4,2,1,10,7,10,7,7,9,6,3,8,2,2,10,9,3,9,5,2,10,,,,,,,,,,,none,,,,,,1,,,1,catamaran,,,,,,,,1,,,atleast1wk,5,,4,,5,,5,,5,,3,,4,,5,,5,,5,,female,college,morethan20,j2c,no,no,NDP,4,1,35to44,
QC,410151224,,FRENCH10623,10623,y,hco_thankyou.php,,05/03/2014,18:59:14,19:08:28,Mozilla/4.0 (compatible; MSIE 8.0; Windows NT 5.1; Trident/4.0; GTB7.5; .NET CLR 1.1.4322; .NET CLR 2.0.50727; .NET CLR 3.0.04506.648; .NET CLR 3.5.21022; .NET CLR 3.0.4506.2152; .NET CLR 3.5.30729; .NET4.0C),,FRENCH,1071,54321,8,3,9,4,2,6,5,2,9,9,4,9,10,4,6,3,3,5,1,3,10,2,2,9,7,4,9,6,3,6,,,,,,,,,,,none,,,,,,,,1,,,,,,,,,,1,,,atleast1wk,5,,4,,4,,5,,5,,4,,4,,4,,5,,4,,female,bachelors,morethan20,J7Z,no,no,NDP,4,2,65plus,
QC,410151929,,FRENCH10624,10624,y,hco_thankyou.php,,05/03/2014,19:01:24,19:11:30,Mozilla/5.0 (Windows NT 6.1; Trident/7.0; rv:11.0) like Gecko,,FRENCH,1072,12345,5,2,9,3,3,4,7,7,8,6,2,8,8,3,9,4,2,4,2,2,10,9,2,9,1,3,10,10,7,4,,,,,,,,,,,5to9,1,,,,,,,,,,,,,,,,,1,,,atleast1wk,5,,3,,4,,5,,5,,4,,4,,5,,5,,5,,male,bachelors,morethan20,J8V,no,no,liberal,5,2,65plus,
QC,410157413,,FRENCH10625,10625,y,hco_thankyou.php,,05/03/2014,20:23:00,20:44:30,Mozilla/5.0 (Windows NT 6.1; WOW64; Trident/7.0; rv:11.0) like Gecko,,FRENCH,1073,54321,4,2,4,1,7,10,2,2,9,7,7,4,3,3,4,6,3,6,10,10,1,9,3,9,5,2,10,8,3,9,checked,checked,checked,checked,checked,checked,checked,checked,checked,checked,none,,,,,,,,1,,,,,,,,,,1,,,1to2month,4,,4,,3,,5,,3,,,,4,,4,,5,,3,,female,somepost,morethan20,G1C,no,no,dontknow,2,2,65plus,
QC,410212716,,FRENCH10639,10639,,hco_intro.php,,17/03/2014,18:59:12,,Mozilla/4.0 (compatible; MSIE 8.0; Windows NT 5.1; Trident/4.0; GTB7.5; .NET CLR 1.0.3705; .NET CLR 1.1.4322; Media Center PC 4.0; .NET CLR 2.0.50727; InfoPath.1; .NET CLR 3.0.4506.2152; .NET CLR 3.5.30729; AskTbORJ/5.15.9.29495),,FRENCH,1087,54321,,,,,,,,,,,,,,,,,,,,,,,,,,,,,,,,,,,,,,,,,,,,,,,,,,,,,,,,,,,,,,,,,,,,,,,,,,,,,,,,,,,,,,,,,,,,,
QC,410095699,,FRENCH10633,10633,,hco_cleanwater_biodiversity_importance.php,,17/03/2014,16:22:55,,Mozilla/5.0 (Windows NT 6.1; WOW64; Trident/7.0; EIE10;FRCAWOL; rv:11.0) like Gecko,,FRENCH,1081,54321,,,,,,,,,,,,,,,,,,,,,,,,,,,,,,,,,,,,,,,,,none,,,,,,,,1,,,,,,,,,,1,,,atleast1wk,,,,,,,,,,,,,,,,,,,,,,,,,,,,,,,
QC,410144228,,FRENCH10634,10634,y,hco_thankyou.php,,17/03/2014,16:23:26,16:31:17,Mozilla/5.0 (Windows NT 6.1; WOW64; Trident/7.0; rv:11.0) like Gecko,11,FRENCH,1082,12345,9,2,9,8,3,9,3,3,10,7,7,9,2,2,9,4,2,4,5,2,9,6,2,8,1,7,10,10,7,4,,,,,,,,,,,none,1,,,,,,,,,,,,,,,,,1,,,atleast1wk,5,,3,,3,,5,,5,,5,,4,,5,,5,,5,,female,college,morethan20,G4R,no,no,NDP,6,5,35to44,
QC,410035450,,FRENCH10635,10635,y,hco_thankyou.php,,17/03/2014,16:27:24,16:38:42,Mozilla/4.0 (compatible; MSIE 8.0; AOL 9.0; AOLBuild 4327.5202; Windows NT 5.1; Trident/4.0; .NET CLR 1.1.4322; FDM; .NET CLR 2.0.50727; .NET CLR 3.0.4506.2152; .NET CLR 3.5.30729; .NET4.0C; .NET4.0E),11,FRENCH,1083,54321,9,7,9,10,7,10,7,7,9,6,7,8,3,4,10,8,6,9,5,6,9,1,7,10,2,2,9,4,4,5,,,,,,,,,,,10to29,1,1,,1,1,,1,,,,,,,,,,,1,,,atleast1wk,5,,5,,5,,5,,5,,4,,4,,5,,5,,5,,female,graduate,morethan20,j5m,no,no,Bloc,8,5,35to44,
QC,410050608,,FRENCH10636,10636,y,hco_thankyou.php,,17/03/2014,16:46:35,16:52:27,Mozilla/5.0 (Windows NT 6.3; WOW64; Trident/7.0; MAARJS; rv:11.0) like Gecko,11,FRENCH,1084,12345,10,10,1,6,2,3,9,2,9,7,4,9,8,8,9,3,4,3,2,2,9,5,2,9,1,10,1,4,4,1,,,,,,,,,,,5to9,1,,,,1,,1,,,,,,,,,,,1,,,atleast1wk,4,,4,,4,,4,,4,,4,,4,,4,,4,,4,,,college,morethan20,h1w,no,no,noparty,6,5,45to54,
QC,410153565,,FRENCH10637,10637,y,hco_thankyou.php,,17/03/2014,17:24:37,17:34:35,Mozilla/5.0 (Windows NT 6.1; WOW64; Trident/7.0; rv:11.0) like Gecko,11,FRENCH,1085,54321,9,7,9,8,3,9,4,2,4,10,7,10,5,2,9,7,7,4,1,7,10,3,3,4,2,2,9,6,7,6,,,,,,,,,,,none,,,,,,,,1,,,,,,,,,,1,,,7to11yr,4,,4,,4,,5,,5,,5,,4,,5,,5,,5,,female,college,morethan20,J8Z,no,no,noresponse,5,4,45to54,
QC,410144071,,FRENCH10638,10638,y,hco_thankyou.php,,17/03/2014,17:42:04,17:52:01,"Mozilla/5.0 (Windows NT 5.1) AppleWebKit/537.36 (KHTML, like Gecko) Chrome/33.0.1750.154 Safari/537.36",11,FRENCH,1086,12345,9,7,9,2,2,9,3,3,4,1,7,5,6,7,6,8,3,9,5,2,9,4,2,4,7,7,9,10,7,4,,,,,checked,,,,,,10to29,1,1,,1,,,,,,,,,,,,,,1,,,atleast1wk,5,,5,,4,,5,,5,,4,,4,,5,,5,,5,,male,bachelors,morethan20,J2W,no,yes,NDP,7,3,45to54,
PR,410220162,,FRENCH10640,10640,,hco_intro.php,,17/03/2014,20:19:30,,Mozilla/5.0 (compatible; MSIE 9.0; Windows NT 6.1; WOW64; Trident/5.0),,FRENCH,1088,12345,,,,,,,,,,,,,,,,,,,,,,,,,,,,,,,,,,,,,,,,,,,,,,,,,,,,,,,,,,,,,,,,,,,,,,,,,,,,,,,,,,,,,,,,,,,,,
QC,410146227,,FRENCH10641,10641,y,hco_thankyou.php,,17/03/2014,20:32:33,20:37:53,Mozilla/5.0 (Windows NT 6.1; WOW64; Trident/7.0; rv:11.0) like Gecko,11,FRENCH,1089,54321,6,2,6,7,8,9,4,2,6,3,3,5,10,10,6,5,2,9,2,2,9,1,3,5,8,3,9,9,2,9,,,,,,,,,,,none,,,,,,,,1,,,,,,,,,,1,,,atleast1wk,3,,2,,3,,4,,5,,5,,4,,3,,5,,3,,female,bachelors,morethan20,G6E,no,no,NDP,7,4,25to34,
QC,410141261,,FRENCH10642,10642,y,hco_thankyou.php,,17/03/2014,20:32:45,20:45:33,Mozilla/5.0 (Windows NT 6.1; WOW64; Trident/7.0; rv:11.0) like Gecko,11,FRENCH,1090,12345,7,4,9,6,2,8,8,3,1,10,4,7,4,2,1,2,2,8,1,3,1,3,3,8,9,2,9,5,2,9,,,,,,,,,,,none,1,1,,,1,1,,,,,,,,1,1,,,,,,atleast1wk,5,,3,,3,,4,,4,,5,,5,,5,,5,,5,,female,HS,morethan20,H1C,no,no,noparty,5,2,45to54,
QC,410215463,,FRENCH10643,10643,,hco_importanceranking_sample_all.php,,17/03/2014,20:33:08,,"Mozilla/5.0 (iPhone; CPU iPhone OS 7_0_3 like Mac OS X) AppleWebKit/537.51.1 (KHTML, like Gecko) Version/7.0 Mobile/11B511 Safari/9537.53",4,FRENCH,1091,54321,9,2,9,8,3,1,3,3,4,,,,,,,,,,,,,,,,,,,,,,,,,,,,,,,,dontknow,,1,,,,,,,,,,,,,,,,1,,,3month,5,,3,,4,,4,,3,,4,,4,,5,,5,,4,,,,,,,,,,,,
QC,410197234,,FRENCH10644,10644,y,hco_thankyou.php,,17/03/2014,20:34:30,20:44:22,"Mozilla/5.0 (Windows NT 6.2; WOW64) AppleWebKit/537.36 (KHTML, like Gecko) Chrome/33.0.1750.154 Safari/537.36",11,FRENCH,1092,12345,9,3,7,10,1,10,7,7,4,6,3,6,3,3,10,8,3,9,5,5,10,1,3,10,2,1,10,4,1,4,,,,,,,,,,,none,,,,,,,,1,,,,,,,,,,1,,,3to6yr,4,,4,,4,,5,,4,,5,,5,,5,,5,,5,,female,college,morethan20,g1h,no,no,noresponse,3,2,45to54,
QC,410151778,,FRENCH10645,10645,y,hco_thankyou.php,,17/03/2014,20:34:38,20:40:05,Mozilla/5.0 (compatible; MSIE 9.0; Windows NT 6.1; WOW64; Trident/5.0),11,FRENCH,1093,54321,10,4,1,6,3,6,9,3,9,7,5,9,8,3,9,3,5,10,2,2,9,5,2,9,1,3,1,4,2,1,,,,,,,,,,,5to9,,,,,1,,,,,,,,,,,,,1,,,atleast1wk,5,,4,,3,,4,,4,,4,,4,,4,,5,,4,,female,bachelors,morethan20,h1w,no,no,noparty,5,2,25to34,
QC,410202771,,FRENCH10646,10646,y,hco_thankyou.php,,17/03/2014,20:38:43,20:44:55,Mozilla/5.0 (Windows NT 6.1; rv:27.0) Gecko/20100101 Firefox/27.0,11,FRENCH,1094,12345,9,3,9,8,3,9,4,2,5,10,4,10,5,2,10,7,4,9,1,3,10,3,3,10,2,2,10,6,2,6,,,,,,,,,,,lessthan5,1,,,,,,,,,,,,,,,,,1,,,atleast1wk,4,,3,,3,,3,,4,,4,,4,,4,,5,,5,,female,bachelors,morethan20,g9b,no,no,liberal,6,5,35to44,
QC,410145046,,FRENCH10647,10647,y,hco_thankyou.php,,17/03/2014,20:40:49,20:47:02,Mozilla/5.0 (Windows NT 6.1; WOW64; Trident/7.0; rv:11.0) like Gecko,11,FRENCH,1095,54321,9,7,4,2,2,9,3,3,10,1,3,5,6,2,6,8,3,9,5,2,5,4,2,5,7,7,5,10,7,6,,,,,,,,,,,none,1,,,,1,1,,,,,,,,,,,,1,,,3month,5,,1,,3,,4,,5,,5,,4,,4,,5,,5,,male,somepost,morethan20,J0Z,no,no,NDP,5,3,45to54,
QC,410053825,,FRENCH10648,10648,y,hco_thankyou.php,,17/03/2014,20:50:53,20:58:11,Mozilla/4.0 (compatible; MSIE 8.0; Windows NT 5.1; Trident/4.0; .NET CLR 2.0.50727; .NET CLR 3.0.4506.2152; .NET CLR 3.5.30729; .NET4.0C; .NET4.0E),11,FRENCH,1096,12345,1,7,1,7,7,5,6,7,6,4,4,1,5,10,5,9,7,9,8,8,1,10,7,1,3,10,5,2,10,1,,,,,,,,,,,none,,,,,,,,1,,,,,,,,,,1,,,atleast1wk,5,,4,,4,,4,,5,,4,,4,,4,,4,,4,,female,college,morethan20,h1t,no,no,dontknow,3,1,35to44,
QC,410033988,,FRENCH10649,10649,y,hco_thankyou.php,,17/03/2014,20:52:57,20:59:17,Mozilla/5.0 (Macintosh; Intel Mac OS X 10.9; rv:27.0) Gecko/20100101 Firefox/27.0,11,FRENCH,1097,54321,8,3,9,3,3,10,7,7,9,9,2,9,6,2,6,5,2,9,2,2,9,1,3,1,4,2,6,10,7,10,,,,,,,,,,,10to29,1,1,,1,1,,1,,,,,,,,1,,,,,,atleast1wk,4,,1,,2,,4,,4,,4,,2,,5,,5,,5,,male,college,morethan20,g1s,no,no,liberal,8,2,25to34,
QC,410084437,,FRENCH10650,10650,y,hco_thankyou.php,,17/03/2014,20:55:11,21:01:28,"Mozilla/5.0 (Windows NT 6.1; WOW64) AppleWebKit/537.36 (KHTML, like Gecko) Chrome/33.0.1750.154 Safari/537.36",11,FRENCH,1098,12345,3,3,10,9,3,9,1,7,10,4,2,5,6,2,8,10,7,10,7,7,9,5,2,5,8,3,9,2,2,9,,,,,,,,,,,lessthan5,1,,,,,,,,,,,,,,,,,1,,,3month,4,,3,,3,,3,,4,,3,,3,,4,,5,,4,,female,college,morethan20,G0L,no,no,dontknow,9,4,35to44,
QC,410091928,,FRENCH10651,10651,y,hco_thankyou.php,,17/03/2014,20:58:58,21:09:15,"Mozilla/5.0 (iPad; CPU OS 7_1 like Mac OS X) AppleWebKit/537.51.2 (KHTML, like Gecko) Version/7.0 Mobile/11D167 Safari/9537.53",11,FRENCH,1099,54321,10,7,1,8,3,9,1,3,10,3,3,5,7,7,4,4,1,2,6,3,6,9,3,2,2,2,1,5,6,2,,,,,checked,,,,,,none,,,,,,,,1,,,,,,,,,,1,,,atleast1wk,5,,4,,5,,5,,5,,5,,5,,5,,5,,5,,female,college,morethan20,J0y,no,no,noparty,9,2,45to54,
QC,410147498,,FRENCH10652,10652,y,hco_thankyou.php,,17/03/2014,21:15:13,14:02:30,"Mozilla/5.0 (Windows NT 6.1; WOW64) AppleWebKit/537.36 (KHTML, like Gecko) Chrome/33.0.1750.154 Safari/537.36",11,FRENCH,1100,12345,10,7,10,4,5,6,5,2,10,7,7,9,8,3,9,9,3,9,3,3,10,6,3,6,2,8,10,1,3,10,,,checked,,,,,,checked,,lessthan5,1,,,,1,,1,,,,,,,,,,,1,,,atleast1wk,5,,4,,3,,5,,5,,5,,5,,5,,5,,5,,female,bachelors,morethan20,H1L,no,no,noresponse,4,1,35to44,
QC,410146499,,FRENCH10653,10653,,hco_cleanwater_biodiversity_importance.php,,17/03/2014,21:18:36,,Mozilla/5.0 (compatible; MSIE 10.0; Windows NT 6.1; WOW64; Trident/6.0),,FRENCH,1101,54321,,,,,,,,,,,,,,,,,,,,,,,,,,,,,,,,,,,,,,,,,none,,,,,,,,1,,,,,,,,,,1,,,1to2month,,,,,,,,,,,,,,,,,,,,,,,,,,,,,,,
QC,410152741,,FRENCH10654,10654,,hco_intro.php,,17/03/2014,21:22:03,,"Mozilla/5.0 (Linux; U; Android 4.1.1; fr-ca; GT-P5113 Build/JRO03C) AppleWebKit/534.30 (KHTML, like Gecko) Version/4.0 Safari/534.30",,FRENCH,1102,12345,,,,,,,,,,,,,,,,,,,,,,,,,,,,,,,,,,,,,,,,,,,,,,,,,,,,,,,,,,,,,,,,,,,,,,,,,,,,,,,,,,,,,,,,,,,,,
QC,410031381,,FRENCH10655,10655,y,hco_thankyou.php,,17/03/2014,21:23:40,21:28:37,"Mozilla/5.0 (Macintosh; Intel Mac OS X 10_9_2) AppleWebKit/537.74.9 (KHTML, like Gecko) Version/7.0.2 Safari/537.74.9",11,FRENCH,1103,54321,5,2,9,7,4,9,2,2,9,1,3,1,6,2,8,3,3,8,8,3,9,9,3,9,4,2,6,10,4,6,,,,,,,,,,,none,1,1,,,1,1,,,,,,,,,,,,1,,,7to11yr,4,,3,,4,,4,,4,,4,,4,,5,,5,,4,,male,bachelors,morethan20,J4Z,no,no,liberal,4,1,25to34,Intéressant
QC,410188170,,FRENCH10656,10656,,hco_intro.php,,17/03/2014,21:25:29,,Mozilla/5.0 (Windows NT 6.1; Trident/7.0; MALC; rv:11.0) like Gecko,,FRENCH,1104,12345,,,,,,,,,,,,,,,,,,,,,,,,,,,,,,,,,,,,,,,,,,,,,,,,,,,,,,,,,,,,,,,,,,,,,,,,,,,,,,,,,,,,,,,,,,,,,
QC,410156119,,FRENCH10657,10657,,hco_intro.php,,17/03/2014,21:57:10,,"Mozilla/5.0 (Linux; U; Android 4.2.2; fr-ca; SM-T310 Build/JDQ39) AppleWebKit/534.30 (KHTML, like Gecko) Version/4.0 Safari/534.30",,FRENCH,1105,54321,,,,,,,,,,,,,,,,,,,,,,,,,,,,,,,,,,,,,,,,,,,,,,,,,,,,,,,,,,,,,,,,,,,,,,,,,,,,,,,,,,,,,,,,,,,,,
QC,410006695,,FRENCH10658,10658,y,hco_thankyou.php,,17/03/2014,21:58:58,22:05:00,Mozilla/5.0 (X11; U; Linux i686; fr; rv:1.9.2.8) Gecko/20100723 Ubuntu/10.04 (lucid) Firefox/3.6.8 BLNGBAR,11,FRENCH,1106,12345,8,3,9,3,3,5,7,7,9,9,7,9,6,7,8,5,6,5,2,2,9,1,3,10,4,6,5,10,7,10,,,,,,,,,,,5to9,1,,,,1,,1,,,,,,,,,,,1,,,3to6yr,5,,5,,3,,4,,5,,5,,3,,5,,5,,5,,female,HS,morethan20,J3N,no,no,noresponse,3,4,20to24,
QC,410157059,,FRENCH10659,10659,y,hco_thankyou.php,,17/03/2014,22:05:04,22:14:20,Mozilla/5.0 (Windows NT 5.1; rv:27.0) Gecko/20100101 Firefox/27.0,11,FRENCH,1107,54321,3,3,10,9,3,4,1,3,10,4,2,1,6,3,6,10,7,10,7,7,5,5,2,10,8,3,1,2,2,10,,,,,,,,,,,5to9,,,,,,,,1,,,,,,,,,,1,,,3month,5,,4,,2,,5,,4,,4,,4,,5,,4,,3,,female,bachelors,morethan20,J3H,no,no,green,9,4,35to44,
QC,410149787,,FRENCH10660,10660,y,hco_thankyou.php,,17/03/2014,22:37:23,22:45:54,"Mozilla/5.0 (Windows NT 6.1; WOW64) AppleWebKit/537.36 (KHTML, like Gecko) Chrome/31.0.1650.63 Safari/537.36",11,FRENCH,1108,12345,10,4,1,8,8,1,1,7,1,3,8,3,7,8,9,4,2,1,6,2,6,9,2,9,2,2,1,5,2,6,,,,,,,,,,,lessthan5,1,1,,,,,,,,,,,,,,,,1,,,atleast1wk,4,,2,,3,,3,,4,,4,,4,,3,,5,,4,,female,bachelors,morethan20,G3K,no,no,CPC,3,1,35to44,
QC,410040652,,FRENCH10661,10661,y,hco_thankyou.php,,17/03/2014,23:17:20,23:30:01,Mozilla/4.0 (compatible; MSIE 8.0; Windows NT 5.1; Trident/4.0; GTB7.5; .NET CLR 1.1.4322; .NET CLR 2.0.50727; .NET CLR 3.0.4506.2152; .NET CLR 3.5.30729; InfoPath.2; AskTbORJ/5.14.1.20007),11,FRENCH,1109,54321,10,1,10,4,1,5,5,6,9,7,7,9,8,3,9,9,7,9,3,3,5,6,3,8,2,1,10,1,3,10,,,,,,,,,,,none,,,,,,,,1,,,,,,,,,,1,,,1to2month,5,,5,,4,,4,,5,,5,,3,,5,,5,,5,,female,HS,morethan20,J0K,no,no,NDP,2,2,45to54,
QC,410181041,,FRENCH10662,10662,y,hco_thankyou.php,,17/03/2014,23:49:20,0:04:28,"Mozilla/5.0 (Windows NT 6.3; WOW64) AppleWebKit/537.36 (KHTML, like Gecko) Chrome/33.0.1750.154 Safari/537.36",11,FRENCH,1110,12345,2,2,10,3,3,10,1,3,10,6,3,6,9,3,9,7,7,9,4,4,1,5,2,10,10,4,1,8,3,1,,,,,,,,,,,5to9,,,,,,,,1,,,,,,,,,,1,,,3month,5,,5,,3,,4,,5,,4,,3,,5,,5,,5,,female,bachelors,morethan20,H2J,no,no,dontknow,4,2,45to54,
QC,410154785,,FRENCH10663,10663,y,hco_thankyou.php,,18/03/2014,0:05:54,0:20:48,"Mozilla/5.0 (Windows NT 6.2; WOW64) AppleWebKit/537.36 (KHTML, like Gecko) Chrome/33.0.1750.154 Safari/537.36",11,FRENCH,1111,54321,3,3,10,7,7,9,2,2,9,9,2,9,10,10,4,5,2,9,1,7,10,4,2,5,6,2,8,8,3,9,,,,,,,,,,,5to9,,,,,,,,,1,admiration de la baie de gros morne,,,,,,,,1,,,3month,5,,4,,5,,5,,5,,5,,4,,5,,5,,5,,male,HS,morethan20,j2b,no,yes,Bloc,3,1,35to44,
QC,410152071,,FRENCH10664,10664,y,hco_thankyou.php,,18/03/2014,0:10:05,0:16:19,Mozilla/5.0 (compatible; MSIE 9.0; Windows NT 6.1; Win64; x64; Trident/5.0),11,FRENCH,1112,12345,5,2,9,7,7,9,2,2,9,1,7,1,6,2,6,3,4,5,8,3,9,9,7,9,4,2,6,10,7,6,,,,,,,,,,,30to49,1,,,,,,1,,,,,,,,1,,,,,,3month,4,,3,,4,,3,,5,,5,,4,,4,,5,,5,,female,somepost,morethan20,g7x,no,no,noparty,4,3,45to54,
QC,410074560,,FRENCH10665,10665,y,hco_thankyou.php,,18/03/2014,0:20:30,0:31:38,Mozilla/5.0 (Macintosh; Intel Mac OS X 10.7; rv:27.0) Gecko/20100101 Firefox/27.0,11,FRENCH,1113,54321,2,2,10,3,5,4,9,2,3,1,5,10,4,2,1,5,2,10,6,2,3,10,6,10,7,9,8,8,9,1,,,,,,,,,,,none,,,,,,,,1,,,,,,,,,,1,,,1to2month,5,,2,,5,,4,,4,,3,,3,,3,,4,,4,,male,graduate,morethan20,g2a,no,no,CPC,6,5,35to44,
QC,410220434,,FRENCH10666,10666,y,hco_thankyou.php,,18/03/2014,0:39:58,0:50:15,Mozilla/5.0 (Windows NT 6.2; WOW64; rv:27.0) Gecko/20100101 Firefox/27.0,11,FRENCH,1114,12345,4,2,1,5,2,9,7,7,9,3,3,4,6,2,6,1,7,1,8,8,1,10,7,1,9,2,9,2,2,1,,,,,,,,,,,none,,,,,,,,1,,,,,,,,,,1,,,1to2month,5,,2,,3,,5,,5,,5,,4,,4,,5,,4,,female,bachelors,morethan20,J0N,no,no,dontknow,5,4,35to44,
QC,410031868,,FRENCH10667,10667,,hco_intro.php,,18/03/2014,0:48:33,,"Mozilla/5.0 (Windows NT 6.1; WOW64) AppleWebKit/537.36 (KHTML, like Gecko) Chrome/33.0.1750.154 Safari/537.36",,FRENCH,1115,54321,,,,,,,,,,,,,,,,,,,,,,,,,,,,,,,,,,,,,,,,,,,,,,,,,,,,,,,,,,,,,,,,,,,,,,,,,,,,,,,,,,,,,,,,,,,,,
QC,410021622,,FRENCH10668,10668,y,hco_thankyou.php,,18/03/2014,1:19:41,1:35:17,"Mozilla/5.0 (Windows NT 6.3; WOW64) AppleWebKit/537.36 (KHTML, like Gecko) Chrome/33.0.1750.154 Safari/537.36",11,FRENCH,1116,12345,3,3,10,9,2,9,1,3,10,4,2,5,6,2,8,10,7,10,8,3,8,7,7,5,5,2,10,2,2,10,,,,,,,,,,,5to9,1,,,,1,1,1,,,,,,,,,,,1,,,1to2month,5,,2,,2,,3,,5,,4,,4,,4,,5,,4,,female,college,morethan20,J0B,no,no,noparty,4,2,25to34,
QC,410026328,,FRENCH10669,10669,,hco_employment.php,,18/03/2014,2:01:36,,"Mozilla/5.0 (Windows NT 6.1; WOW64) AppleWebKit/537.36 (KHTML, like Gecko) Chrome/33.0.1750.154 Safari/537.36",,FRENCH,1117,54321,,,,,,,,,,,,,,,,,,,,,,,,,,,,,,,,,,,,,,,,,none,1,1,,,,,,,,,,,,,,,,,,,,,,,,,,,,,,,,,,,,,,,,,,,,,,,,,,
QC,410176746,,FRENCH10670,10670,y,hco_thankyou.php,,18/03/2014,2:28:08,2:35:00,Mozilla/5.0 (Windows NT 6.1; WOW64; Trident/7.0; rv:11.0) like Gecko,11,FRENCH,1118,12345,10,4,1,8,3,9,3,3,10,1,3,1,9,3,9,2,2,1,7,8,9,6,3,6,5,2,9,4,2,1,,,,,,,,,,,10to29,1,,,1,1,,,,,,,,,,,,,1,,,3month,3,,3,,3,,3,,,,3,,3,,3,,4,,3,,male,graduate,morethan20,j8t,no,no,dontknow,9,1,45to54,
QC,410157978,,FRENCH10671,10671,y,hco_thankyou.php,,18/03/2014,3:16:54,3:24:03,Mozilla/5.0 (compatible; MSIE 10.0; Windows NT 6.1; WOW64; Trident/6.0),11,FRENCH,1119,54321,3,5,10,4,2,1,1,3,1,10,7,1,7,5,9,2,2,9,9,2,4,6,2,8,8,3,1,5,2,10,,,,,,,,,,,morethan100,,,,,,,,1,,,,,,,,,,1,,,atleast1wk,4,,2,,4,,5,,3,,3,,3,,5,,5,,5,,female,HS,morethan20,J9Z,dontknow,yes,Bloc,9,1,25to34,Le gouvernement Harper doit partir et ce résoudre à écouter les écologiste et membre du Green Peace et laisser l`arctique tranquille et se réveiller sur le plan du réchauffement climatique et prendre des mesure pour préserver plus notre nature que ce qu`il fait!!!!!!
QC,410217207,,FRENCH10672,10672,,hco_importanceranking_sample_all.php,,18/03/2014,3:44:43,,Mozilla/5.0 (compatible; MSIE 10.0; Windows NT 6.2; WOW64; Trident/6.0),10,FRENCH,1120,12345,9,2,9,7,7,9,3,4,10,2,2,9,8,3,9,4,2,1,1,3,1,5,2,9,6,2,8,,,,,,,,,,,,,,none,,,,,,,,1,,,,,,,,,,1,,,3to6yr,5,,5,,5,,5,,5,,5,,5,,5,,5,,5,,,,,,,,,,,,
QC,410020146,,FRENCH10673,10673,,hco_intro.php,,18/03/2014,6:12:50,,"Mozilla/5.0 (Macintosh; Intel Mac OS X 10_6_8) AppleWebKit/537.36 (KHTML, like Gecko) Chrome/33.0.1750.152 Safari/537.36",,FRENCH,1121,54321,,,,,,,,,,,,,,,,,,,,,,,,,,,,,,,,,,,,,,,,,,,,,,,,,,,,,,,,,,,,,,,,,,,,,,,,,,,,,,,,,,,,,,,,,,,,,
QC,410087536,,FRENCH10674,10674,y,hco_thankyou.php,,18/03/2014,9:22:09,9:31:15,Mozilla/4.0 (compatible; MSIE 8.0; Windows NT 6.1; Win64; x64; Trident/4.0; GTB7.5; .NET CLR 2.0.50727; SLCC2; .NET CLR 3.5.30729; .NET CLR 3.0.30729; Media Center PC 6.0; .NET4.0E; .NET4.0C; Tablet PC 2.0),11,FRENCH,1122,12345,2,2,10,8,8,6,7,8,4,5,2,6,6,2,6,1,3,1,9,7,9,10,7,4,4,2,4,3,8,5,,,,,,,,,,,none,,,,,,,,1,,,,,,,1,,,,,,3month,5,,3,,4,,5,,4,,4,,,,4,,5,,4,,female,college,morethan20,g2b,no,no,dontknow,9,2,45to54,
QC,410016537,,FRENCH10675,10675,y,hco_thankyou.php,,18/03/2014,10:12:43,10:23:04,Mozilla/5.0 (Windows NT 6.1; WOW64; rv:27.0) Gecko/20100101 Firefox/27.0,11,FRENCH,1123,54321,4,2,6,3,3,10,5,2,9,8,3,9,9,2,9,6,2,6,1,3,1,2,2,9,7,7,9,10,7,1,,,,,,,,,,,none,,,,,,,,1,,,,,,,,,,1,,,1to2month,4,,3,,3,,4,,5,,3,,4,,4,,5,,5,,male,college,morethan20,J8R,no,no,NDP,5,4,35to44,
QC,410155730,,FRENCH10676,10676,y,hco_thankyou.php,,18/03/2014,12:06:34,12:19:40,Mozilla/5.0 (Windows NT 5.1; rv:27.0) Gecko/20100101 Firefox/27.0,11,FRENCH,1124,12345,10,6,10,1,3,10,8,6,9,7,7,9,4,6,4,9,3,9,6,6,2,5,6,10,2,1,10,3,3,4,,,,,,,,,,,lessthan5,1,1,,,1,,1,,,,,,,,,,,1,,,3month,5,,5,,5,,5,,5,,5,,5,,5,,5,,5,,male,college,morethan20,J7J,no,no,NDP,5,5,35to44,Plusieurs formulation des questions n'étaient pas claires. La traduction des textes en est peut être la cause?
QC,410204696,,FRENCH10677,10677,y,hco_thankyou.php,,18/03/2014,12:13:18,12:18:30,"Mozilla/5.0 (Macintosh; Intel Mac OS X 10_6_8) AppleWebKit/534.59.10 (KHTML, like Gecko) Version/5.1.9 Safari/534.59.10",11,FRENCH,1125,54321,1,3,10,10,7,10,2,1,9,4,1,6,9,3,9,6,3,6,5,2,9,8,3,9,7,7,9,3,3,10,,,,,,,,,,,10to29,1,1,,1,1,,1,,,,,,,1,,,,,,,1to2month,5,,5,,3,,5,,5,,5,,4,,5,,5,,5,,female,bachelors,morethan20,j9j,no,yes,dontknow,6,4,25to34,"Le milieu marin est d'une extrême importance tant pour l'économie locale que pour la santé des gens qui vivent près de là. Il faut protéger cet environnement en créant davantage de milieu de protection tel le Parc marin du Saguenay St-Laurent, en contrôlant davantage la pêcherie de même que la chasse de certains animaux (baleines) de même qu'en limitant la pollution qui y est déversée. Il s'agit ici d'agir selon les responsabilités qui nous incombent pour préserver ce milieu."
QC,410037728,,FRENCH10678,10678,y,hco_thankyou.php,,18/03/2014,12:46:57,12:56:03,"Mozilla/5.0 (Windows NT 5.1) AppleWebKit/537.36 (KHTML, like Gecko) Chrome/33.0.1750.154 Safari/537.36",11,FRENCH,1126,12345,1,7,1,9,7,9,3,3,5,2,8,9,7,7,9,6,7,6,8,3,9,10,7,6,5,5,9,4,5,1,,,,,,,,,,,none,,,,,,,,1,,,,,,,,,,1,,,atleast1wk,5,,4,,5,,5,,5,,5,,3,,5,,5,,5,,male,somepost,morethan20,h7p,no,no,dontknow,9,2,45to54,
QC,410147045,,FRENCH10679,10679,y,hco_thankyou.php,,18/03/2014,12:50:05,13:19:25,"Mozilla/5.0 (Windows NT 6.1; WOW64) AppleWebKit/537.36 (KHTML, like Gecko) Chrome/32.0.1700.107 Safari/537.36",11,FRENCH,1127,54321,6,7,3,7,7,9,4,2,1,3,8,4,10,7,1,2,2,9,5,2,9,1,7,1,8,8,9,9,2,9,,,,,,,,,,,10to29,,,,,,,,1,,,,,,,,,,1,,,atleast1wk,5,,5,,5,,5,,5,,5,,5,,5,,5,,5,,female,,morethan20,G1E,no,no,Bloc,4,2,55to64,
QC,410209894,,FRENCH10680,10680,y,hco_thankyou.php,,18/03/2014,13:16:41,13:26:29,Mozilla/4.0 (compatible; MSIE 8.0; Windows NT 6.1; Trident/4.0; SLCC2; .NET CLR 2.0.50727; .NET CLR 3.5.30729; .NET CLR 3.0.30729; Media Center PC 6.0; .NET4.0C; .NET CLR 1.1.4322; .NET4.0E; InfoPath.2; MS-RTC LM 8),11,FRENCH,1128,12345,5,2,10,6,3,8,8,3,9,10,1,10,4,2,5,7,7,4,2,2,10,1,3,10,3,3,10,9,2,9,,,,,,,,,,,10to29,1,,,,,,,,,,,,,,,,,1,,,atleast1wk,4,,4,,2,,4,,3,,4,,3,,4,,4,,4,,female,college,morethan20,j7v,no,no,noresponse,4,1,45to54,
QC,410092849,,FRENCH10681,10681,y,hco_thankyou.php,,18/03/2014,13:25:13,13:32:21,Mozilla/5.0 (Windows NT 5.1; rv:27.0) Gecko/20100101 Firefox/27.0,11,FRENCH,1129,54321,4,2,1,6,2,7,5,2,9,9,2,9,8,3,9,3,3,10,7,8,9,2,2,9,10,6,7,1,3,1,,,,,,,,,,,none,,,,,,,,1,,,,,,,,,,1,,,3to6yr,5,,3,,4,,4,,3,,4,,5,,3,,4,,4,,female,HS,morethan20,G6P,no,no,dontknow,5,4,45to54,
QC,410147338,,FRENCH10682,10682,y,hco_thankyou.php,,18/03/2014,13:33:01,13:38:10,Mozilla/4.0 (compatible; MSIE 8.0; Windows NT 5.1; Trident/4.0; InfoPath.2; .NET CLR 2.0.50727; .NET CLR 3.0.04506.648; .NET CLR 3.5.21022; .NET CLR 3.0.4506.2152; .NET CLR 3.5.30729; OfficeLiveConnector.1.3; OfficeLivePatch.0.0; InfoPath.1; .NET4.0C),11,FRENCH,1130,12345,6,2,6,5,2,9,10,4,1,1,3,1,7,5,9,2,2,9,4,2,1,8,8,9,9,2,9,3,3,10,,,,,,,,,,,5to9,1,,,1,,,,,,,,,,,,,,1,,,1to2month,4,,1,,4,,4,,4,,4,,4,,4,,5,,4,,male,graduate,morethan20,J6E,no,no,Bloc,6,2,45to54,
